CO2 (PPM), Latitude, Longitude, Altitude, Air Speed (m/s), Mode, Fixed Sats, Available Sats
465,44.3799504,-73.2581361,50.44,0.370000004768,STABILIZE,3,7
465,44.3799513,-73.2581353,50.45,0.359999984503,STABILIZE,3,7
465,44.3799518,-73.2581352,50.42,0.229999989271,STABILIZE,3,7
465,44.3799506,-73.2581369,50.44,0.34999999404,STABILIZE,3,7
465,44.3799507,-73.2581364,50.44,0.329999983311,STABILIZE,3,7
465,44.3799497,-73.2581376,50.43,0.229999989271,STABILIZE,3,7
465,44.3799494,-73.2581371,50.41,0.259999990463,STABILIZE,3,7
465,44.3799497,-73.2581366,50.37,0.170000001788,STABILIZE,3,7
465,44.3799498,-73.2581362,50.36,0.0399999991059,STABILIZE,3,7
465,44.3799503,-73.2581351,50.35,0.070000000298,STABILIZE,3,7
465,44.3799506,-73.2581344,50.33,0.209999993443,STABILIZE,3,7
465,44.3799501,-73.2581358,50.32,0.229999989271,STABILIZE,3,7
465,44.3799503,-73.2581365,50.27,0.219999998808,STABILIZE,3,7
465,44.3799508,-73.2581348,50.26,0.219999998808,STABILIZE,3,7
465,44.3799529,-73.2581328,50.21,0.189999997616,STABILIZE,3,7
465,44.3799531,-73.2581324,50.19,0.0899999961257,STABILIZE,3,7
466,44.3799546,-73.2581307,50.18,0.119999997318,STABILIZE,3,7
466,44.379956,-73.2581292,50.16,0.199999988079,STABILIZE,3,7
466,44.3799577,-73.2581252,50.16,0.259999990463,STABILIZE,3,7
466,44.3799585,-73.2581235,50.17,0.259999990463,STABILIZE,3,7
466,44.3799586,-73.2581227,50.18,0.0999999940395,STABILIZE,3,7
466,44.3799598,-73.2581216,50.16,0.189999997616,STABILIZE,3,7
466,44.3799606,-73.2581214,50.15,0.109999999404,STABILIZE,3,7
466,44.3799606,-73.2581218,50.15,0.289999991655,STABILIZE,3,7
465,44.3799615,-73.2581221,50.14,0.149999991059,STABILIZE,3,7
465,44.3799629,-73.2581214,50.11,0.119999997318,STABILIZE,3,6
465,44.3799641,-73.258121,50.07,0.269999980927,STABILIZE,3,6
465,44.3799648,-73.2581233,50.04,0.140000000596,STABILIZE,3,6
465,44.3799649,-73.2581246,50.05,0.839999973774,STABILIZE,3,6
465,44.3799661,-73.2581251,50.04,0.229999989271,STABILIZE,3,6
465,44.3799667,-73.2581267,50.01,0.189999997616,STABILIZE,3,6
466,44.3799667,-73.2581288,50.0,0.149999991059,STABILIZE,3,6
466,44.3799682,-73.2581281,49.98,0.140000000596,STABILIZE,3,6
466,44.3799674,-73.2581302,49.93,0.359999984503,STABILIZE,3,6
466,44.3799684,-73.2581306,49.94,0.239999994636,STABILIZE,3,6
466,44.379969,-73.2581319,49.95,0.379999995232,STABILIZE,3,6
466,44.3799681,-73.2581345,49.96,0.359999984503,STABILIZE,3,6
466,44.3799691,-73.258134,49.95,0.070000000298,STABILIZE,3,6
466,44.3799691,-73.2581346,49.95,0.179999992251,STABILIZE,3,6
466,44.3799695,-73.2581359,49.94,0.359999984503,STABILIZE,3,6
466,44.3799675,-73.2581404,49.93,0.399999976158,STABILIZE,3,6
466,44.3799672,-73.2581417,49.94,0.560000002384,STABILIZE,3,6
466,44.3799672,-73.2581433,49.94,0.229999989271,STABILIZE,3,6
466,44.3799675,-73.2581426,49.93,0.149999991059,STABILIZE,3,6
466,44.3799683,-73.2581434,49.9,0.370000004768,STABILIZE,3,6
466,44.3799689,-73.2581428,49.9,0.179999992251,STABILIZE,3,6
468,44.3799698,-73.2581424,49.87,0.239999994636,STABILIZE,3,6
468,44.3799704,-73.2581429,49.87,0.149999991059,STABILIZE,3,6
468,44.3799716,-73.2581421,49.84,0.179999992251,STABILIZE,3,6
468,44.3799712,-73.2581445,49.82,0.199999988079,STABILIZE,3,7
469,44.37997,-73.258147,49.8,0.189999997616,STABILIZE,3,7
469,44.379969,-73.2581502,49.81,0.509999990463,STABILIZE,3,7
469,44.3799688,-73.2581508,49.8,0.209999993443,STABILIZE,3,7
469,44.3799696,-73.2581501,49.79,0.259999990463,STABILIZE,3,7
469,44.3799716,-73.2581485,49.79,0.0599999986589,STABILIZE,3,7
469,44.3799723,-73.2581477,49.79,0.0399999991059,STABILIZE,3,7
469,44.3799731,-73.2581467,49.8,0.280000001192,STABILIZE,3,7
469,44.3799732,-73.258146,49.78,0.25,STABILIZE,3,7
468,44.3799733,-73.2581451,49.76,0.140000000596,STABILIZE,3,7
468,44.379975,-73.2581424,49.77,0.109999999404,STABILIZE,3,7
468,44.3799752,-73.2581424,49.75,0.239999994636,STABILIZE,3,7
468,44.3799757,-73.258143,49.75,0.239999994636,STABILIZE,3,7
468,44.3799772,-73.2581419,49.73,0.0399999991059,STABILIZE,3,7
468,44.3799772,-73.258142,49.72,0.129999995232,STABILIZE,3,7
468,44.3799785,-73.2581402,49.74,0.199999988079,STABILIZE,3,7
467,44.3799788,-73.2581398,49.74,0.0599999986589,STABILIZE,3,7
467,44.3799784,-73.2581396,49.75,0.0899999961257,STABILIZE,3,7
467,44.3799787,-73.2581391,49.74,0.0499999970198,STABILIZE,3,7
467,44.3799795,-73.2581382,49.73,0.019999999553,STABILIZE,3,7
467,44.3799804,-73.2581361,49.7,0.0899999961257,STABILIZE,3,7
467,44.3799808,-73.2581351,49.69,0.109999999404,STABILIZE,3,7
467,44.379981,-73.2581341,49.69,0.0499999970198,STABILIZE,3,7
467,44.3799811,-73.2581337,49.69,0.109999999404,STABILIZE,3,7
468,44.3799807,-73.2581324,49.66,0.149999991059,STABILIZE,3,7
468,44.3799801,-73.2581327,49.65,0.109999999404,STABILIZE,3,7
468,44.3799797,-73.2581314,49.63,0.179999992251,STABILIZE,3,7
468,44.3799807,-73.2581299,49.62,0.0799999982119,STABILIZE,3,7
468,44.3799807,-73.2581291,49.61,0.199999988079,STABILIZE,3,6
468,44.3799811,-73.2581276,49.6,0.170000001788,STABILIZE,3,6
468,44.379982,-73.2581258,49.59,0.0999999940395,STABILIZE,3,7
469,44.3799835,-73.2581225,49.57,0.319999992847,STABILIZE,3,7
469,44.3799838,-73.2581207,49.56,0.149999991059,STABILIZE,3,7
469,44.3799854,-73.2581179,49.55,0.129999995232,STABILIZE,3,7
469,44.3799859,-73.2581167,49.52,0.129999995232,STABILIZE,3,7
470,44.3799867,-73.2581143,49.51,0.170000001788,STABILIZE,3,7
470,44.3799858,-73.2581135,49.5,0.239999994636,STABILIZE,3,7
470,44.3799863,-73.2581123,49.48,0.419999986887,STABILIZE,3,7
470,44.379986,-73.2581116,49.47,0.389999985695,STABILIZE,3,7
470,44.379986,-73.2581112,49.53,0.109999999404,STABILIZE,3,7
470,44.3799832,-73.2581148,49.9,0.899999976158,STABILIZE,3,7
470,44.3799801,-73.2581168,50.07,0.119999997318,STABILIZE,3,7
470,44.3799812,-73.2581159,50.11,0.0399999991059,STABILIZE,3,7
470,44.3799832,-73.258113,50.12,0.179999992251,STABILIZE,3,7
470,44.3799856,-73.2581125,50.1,0.259999990463,STABILIZE,3,7
470,44.3799907,-73.2581097,50.06,0.829999983311,STABILIZE,3,7
470,44.3799941,-73.258112,50.05,1.10000002384,STABILIZE,3,7
470,44.3799984,-73.2581128,50.1,1.69999992847,STABILIZE,3,7
470,44.3800052,-73.2581144,50.12,1.10000002384,STABILIZE,3,7
470,44.3800081,-73.2581171,50.12,1.19999992847,STABILIZE,3,7
471,44.3800157,-73.2581162,50.11,0.519999980927,STABILIZE,3,6
471,44.3800191,-73.2581188,50.1,0.729999959469,STABILIZE,3,7
471,44.380022,-73.2581202,50.08,1.06999993324,STABILIZE,3,7
471,44.3800268,-73.2581229,50.08,1.28999996185,STABILIZE,3,7
471,44.3800365,-73.2581224,50.07,1.75,STABILIZE,3,7
471,44.3800444,-73.2581259,50.04,1.54999995232,STABILIZE,3,7
471,44.3800485,-73.2581282,50.06,1.37999999523,STABILIZE,3,7
472,44.3800542,-73.2581343,50.06,1.25,STABILIZE,4,7
472,44.3800611,-73.2581365,50.12,1.73000001907,STABILIZE,4,7
472,44.380068,-73.2581375,50.24,1.17999994755,STABILIZE,4,7
472,44.3800712,-73.2581393,50.27,1.51999998093,STABILIZE,4,7
469,44.3800746,-73.2581407,50.17,1.36000001431,STABILIZE,4,7
469,44.3800809,-73.2581402,50.18,1.26999998093,STABILIZE,4,7
469,44.3800882,-73.2581412,50.15,1.03999996185,STABILIZE,4,7
469,44.3800929,-73.2581438,50.16,0.299999982119,STABILIZE,4,7
470,44.3800957,-73.2581444,50.18,0.889999985695,STABILIZE,4,7
470,44.3801029,-73.2581411,50.2,0.699999988079,STABILIZE,4,7
470,44.3801066,-73.2581438,50.09,1.11000001431,STABILIZE,4,7
470,44.3801147,-73.2581496,50.08,1.52999997139,STABILIZE,4,7
470,44.3801202,-73.2581505,50.09,0.969999969006,STABILIZE,4,7
470,44.3801255,-73.2581501,50.09,1.25,STABILIZE,4,7
470,44.3801289,-73.2581494,50.1,0.399999976158,STABILIZE,4,7
470,44.3801363,-73.2581461,50.05,1.12000000477,STABILIZE,4,7
470,44.3801417,-73.2581468,50.09,1.62000000477,STABILIZE,4,7
470,44.3801458,-73.2581489,50.1,1.26999998093,STABILIZE,4,7
470,44.3801505,-73.2581502,50.12,0.899999976158,STABILIZE,4,7
471,44.3801518,-73.2581541,50.17,0.0999999940395,STABILIZE,4,7
471,44.3801519,-73.2581586,50.13,0.129999995232,STABILIZE,4,7
471,44.3801511,-73.2581611,50.16,0.340000003576,STABILIZE,4,7
471,44.3801526,-73.2581641,50.16,0.599999964237,STABILIZE,4,7
471,44.380157,-73.258167,50.17,1.63999998569,STABILIZE,4,7
471,44.3801629,-73.2581708,50.18,0.789999961853,STABILIZE,4,7
471,44.3801678,-73.2581734,50.16,0.579999983311,STABILIZE,4,7
471,44.3801719,-73.2581763,50.17,0.409999996424,STABILIZE,4,7
471,44.380173,-73.2581777,50.16,0.25,STABILIZE,4,7
471,44.3801753,-73.2581784,50.16,0.299999982119,STABILIZE,4,7
471,44.3801765,-73.2581795,50.18,0.159999996424,STABILIZE,4,7
470,44.3801816,-73.258179,50.17,0.310000002384,STABILIZE,4,7
470,44.3801863,-73.2581809,50.17,0.719999969006,STABILIZE,4,7
470,44.3801938,-73.2581831,50.17,1.39999997616,STABILIZE,4,7
470,44.3802083,-73.2581875,50.16,1.41999995708,STABILIZE,4,7
471,44.3802154,-73.2581923,50.12,1.55999994278,STABILIZE,4,7
471,44.3802231,-73.2581935,50.1,1.55999994278,STABILIZE,4,7
471,44.3802296,-73.2581929,50.09,1.44999992847,STABILIZE,4,7
471,44.3802365,-73.2581945,50.09,1.16999995708,STABILIZE,4,7
471,44.3802436,-73.2581968,50.06,1.19999992847,STABILIZE,4,7
471,44.3802492,-73.2581994,50.1,1.23000001907,STABILIZE,4,7
471,44.3802553,-73.258205,50.09,1.74000000954,STABILIZE,4,7
471,44.3802587,-73.2582089,50.08,0.789999961853,STABILIZE,4,7
471,44.3802658,-73.2582159,50.06,1.75999999046,STABILIZE,4,7
471,44.3802739,-73.2582191,50.09,1.75999999046,STABILIZE,4,7
471,44.3802791,-73.2582235,50.06,0.899999976158,STABILIZE,4,7
472,44.3802824,-73.2582221,50.05,0.519999980927,STABILIZE,4,7
472,44.3802879,-73.2582194,50.08,0.589999973774,STABILIZE,4,7
472,44.3802915,-73.2582207,50.14,0.359999984503,STABILIZE,4,7
472,44.3802935,-73.2582199,50.15,0.140000000596,STABILIZE,4,6
472,44.380294,-73.2582216,50.16,0.070000000298,STABILIZE,4,6
472,44.3802942,-73.2582238,50.16,0.34999999404,STABILIZE,4,6
472,44.3802955,-73.2582269,50.15,0.219999998808,STABILIZE,4,6
472,44.3802973,-73.2582284,50.15,0.879999995232,STABILIZE,3,6
471,44.3802991,-73.2582313,50.18,0.579999983311,STABILIZE,3,7
471,44.3803,-73.2582355,50.22,0.849999964237,STABILIZE,3,7
471,44.3803018,-73.2582398,50.16,0.889999985695,STABILIZE,3,7
471,44.3803047,-73.2582491,50.16,1.17999994755,STABILIZE,3,7
470,44.3803067,-73.2582571,50.2,0.519999980927,STABILIZE,3,7
470,44.3803095,-73.2582597,50.23,1.61000001431,STABILIZE,3,7
470,44.380312,-73.2582701,50.27,1.7199999094,STABILIZE,3,7
470,44.3803142,-73.258274,50.29,0.919999957085,STABILIZE,3,7
470,44.3803175,-73.2582805,50.24,1.10000002384,STABILIZE,3,7
470,44.3803182,-73.2582864,50.21,1.18999993801,STABILIZE,3,7
470,44.3803193,-73.2582927,50.21,1.0,STABILIZE,3,7
469,44.3803206,-73.2583027,50.17,1.51999998093,STABILIZE,3,7
469,44.3803225,-73.2583086,50.12,1.45999991894,STABILIZE,3,7
469,44.3803252,-73.2583169,49.99,1.10000002384,STABILIZE,3,7
469,44.3803266,-73.258322,49.95,1.44999992847,STABILIZE,3,7
469,44.3803277,-73.2583297,49.93,0.930000007153,STABILIZE,3,7
469,44.3803278,-73.2583356,49.89,1.62999999523,STABILIZE,3,7
469,44.3803298,-73.2583469,49.82,1.45999991894,STABILIZE,3,7
469,44.3803317,-73.2583521,49.82,1.18999993801,STABILIZE,3,7
468,44.3803336,-73.2583583,49.8,0.969999969006,STABILIZE,3,7
468,44.3803367,-73.2583655,49.77,1.49000000954,STABILIZE,3,7
468,44.3803414,-73.2583773,49.73,1.51999998093,STABILIZE,3,7
467,44.3803431,-73.2583841,49.72,1.44999992847,STABILIZE,3,7
467,44.3803455,-73.2583905,49.7,1.69999992847,STABILIZE,3,7
467,44.3803478,-73.2584011,49.7,1.81999993324,STABILIZE,3,7
467,44.3803493,-73.2584073,49.73,1.44999992847,STABILIZE,3,7
468,44.3803515,-73.2584178,49.68,1.77999997139,STABILIZE,3,7
468,44.3803536,-73.258428,49.69,1.62000000477,STABILIZE,3,7
468,44.3803555,-73.2584384,49.62,1.5,STABILIZE,3,7
468,44.3803575,-73.2584447,49.62,1.37000000477,STABILIZE,3,7
468,44.3803585,-73.2584534,49.57,1.84999990463,STABILIZE,3,7
468,44.3803611,-73.2584684,49.51,1.33999991417,STABILIZE,3,7
468,44.3803626,-73.2584751,49.47,1.39999997616,STABILIZE,3,7
468,44.3803656,-73.2584847,49.51,1.27999997139,STABILIZE,3,7
468,44.3803683,-73.2584898,49.53,1.32999992371,STABILIZE,3,7
468,44.380373,-73.2585004,49.51,1.25,STABILIZE,3,7
468,44.3803754,-73.2585067,49.49,1.62000000477,STABILIZE,3,8
469,44.3803786,-73.2585147,49.49,1.50999999046,STABILIZE,3,8
469,44.3803805,-73.2585203,49.39,1.11000001431,STABILIZE,3,8
469,44.380383,-73.2585243,49.31,1.50999999046,STABILIZE,3,8
469,44.3803896,-73.2585343,49.29,1.05999994278,STABILIZE,3,8
466,44.3803921,-73.25854,49.24,1.29999995232,STABILIZE,3,8
466,44.380396,-73.2585474,49.24,0.949999988079,STABILIZE,3,8
466,44.3803989,-73.2585528,49.26,1.28999996185,STABILIZE,3,8
466,44.3804046,-73.2585635,49.28,1.12000000477,STABILIZE,3,8
466,44.3804073,-73.2585681,49.3,1.30999994278,STABILIZE,3,7
466,44.3804106,-73.2585746,49.33,1.04999995232,STABILIZE,3,7
466,44.3804126,-73.2585792,49.32,1.25999999046,STABILIZE,3,7
466,44.3804171,-73.2585888,49.27,0.939999997616,STABILIZE,3,7
465,44.380419,-73.2585941,49.26,1.64999997616,STABILIZE,3,7
465,44.3804223,-73.2586043,49.21,1.39999997616,STABILIZE,3,7
465,44.3804245,-73.2586114,49.18,1.4699999094,STABILIZE,3,7
465,44.3804272,-73.2586181,49.12,1.17999994755,STABILIZE,3,7
465,44.3804311,-73.2586268,49.11,1.37999999523,STABILIZE,3,7
465,44.3804346,-73.2586359,49.07,1.76999998093,STABILIZE,3,7
465,44.3804377,-73.2586458,49.01,1.35000002384,STABILIZE,3,7
466,44.3804399,-73.2586528,48.97,1.56999993324,STABILIZE,3,7
466,44.3804436,-73.2586627,48.98,1.29999995232,STABILIZE,3,7
466,44.3804469,-73.2586718,48.97,0.969999969006,STABILIZE,3,7
466,44.3804502,-73.2586779,48.99,1.05999994278,STABILIZE,3,7
466,44.3804517,-73.2586815,48.98,0.689999997616,STABILIZE,3,7
466,44.3804544,-73.2586891,48.94,1.25999999046,STABILIZE,3,7
466,44.3804561,-73.2586944,48.97,0.759999990463,STABILIZE,3,7
466,44.3804601,-73.258705,48.98,1.12999999523,STABILIZE,3,7
466,44.3804623,-73.2587101,48.96,1.15999996662,STABILIZE,3,7
466,44.3804643,-73.2587163,48.99,1.20999991894,STABILIZE,3,7
466,44.3804683,-73.2587269,49.0,1.31999993324,STABILIZE,3,7
467,44.3804711,-73.2587327,49.0,1.50999999046,STABILIZE,3,7
467,44.3804752,-73.2587426,49.0,1.45999991894,STABILIZE,3,7
467,44.3804773,-73.2587481,48.97,1.20999991894,STABILIZE,3,7
467,44.3804808,-73.2587569,48.91,1.24000000954,STABILIZE,3,7
466,44.3804846,-73.2587654,48.79,1.42999994755,STABILIZE,3,7
466,44.3804872,-73.2587738,48.81,1.01999998093,STABILIZE,3,7
466,44.3804887,-73.2587796,48.8,1.25,STABILIZE,3,7
466,44.380491,-73.2587907,48.86,1.37999999523,STABILIZE,3,7
467,44.3804927,-73.2587964,48.9,1.09000003338,STABILIZE,3,7
467,44.3804927,-73.2588047,48.99,0.909999966621,STABILIZE,3,7
467,44.3804927,-73.2588085,49.02,0.449999988079,STABILIZE,3,7
468,44.3804928,-73.2588171,49.09,1.00999999046,STABILIZE,3,7
468,44.3804925,-73.2588215,49.03,1.12000000477,STABILIZE,3,7
468,44.3804914,-73.2588256,48.97,0.989999949932,STABILIZE,3,7
468,44.3804921,-73.2588304,48.89,0.42999997735,STABILIZE,3,7
468,44.3804927,-73.258833,48.83,0.469999998808,STABILIZE,3,7
468,44.3804945,-73.2588353,48.76,0.329999983311,STABILIZE,3,7
468,44.3804951,-73.2588366,48.77,0.479999989271,STABILIZE,3,7
468,44.3804952,-73.2588371,48.79,0.209999993443,STABILIZE,3,7
468,44.3804953,-73.2588373,48.73,0.0299999993294,STABILIZE,3,7
468,44.3804952,-73.2588369,48.65,0.359999984503,STABILIZE,3,8
468,44.3804974,-73.2588383,48.45,0.459999978542,STABILIZE,3,8
468,44.3804979,-73.2588379,48.21,0.52999997139,STABILIZE,3,8
468,44.3804973,-73.2588369,48.08,0.319999992847,STABILIZE,3,8
468,44.3804971,-73.2588389,47.94,0.209999993443,STABILIZE,3,8
468,44.3804986,-73.2588393,47.88,0.239999994636,STABILIZE,3,8
469,44.3804984,-73.25884,47.84,0.0899999961257,STABILIZE,3,8
469,44.380498,-73.2588424,47.86,0.310000002384,STABILIZE,3,8
469,44.3804988,-73.2588434,47.88,0.289999991655,STABILIZE,3,8
469,44.3804992,-73.2588441,47.88,0.389999985695,STABILIZE,3,8
468,44.3805002,-73.258845,47.9,0.289999991655,STABILIZE,3,8
468,44.380501,-73.2588466,47.91,0.129999995232,STABILIZE,3,8
468,44.3805005,-73.2588475,47.94,0.0499999970198,STABILIZE,3,8
468,44.3805009,-73.2588483,47.95,0.280000001192,STABILIZE,3,8
468,44.3804997,-73.2588489,47.95,0.209999993443,STABILIZE,3,8
468,44.3804994,-73.2588493,47.94,0.119999997318,STABILIZE,3,8
468,44.3804993,-73.2588488,47.92,0.0899999961257,STABILIZE,3,8
468,44.3804994,-73.2588488,47.92,0.019999999553,STABILIZE,3,8
468,44.3805004,-73.2588487,47.93,0.129999995232,STABILIZE,3,8
468,44.3805007,-73.2588482,47.92,0.0599999986589,STABILIZE,3,8
468,44.3804994,-73.2588484,47.92,0.149999991059,STABILIZE,3,8
468,44.3804995,-73.2588476,47.92,0.259999990463,STABILIZE,3,8
468,44.3804991,-73.2588474,47.91,0.119999997318,STABILIZE,3,8
468,44.3804992,-73.2588467,47.89,0.179999992251,STABILIZE,3,8
468,44.3804994,-73.2588471,47.91,0.149999991059,STABILIZE,3,8
469,44.380499,-73.2588473,47.91,0.34999999404,STABILIZE,3,8
469,44.3804988,-73.2588475,47.92,0.070000000298,STABILIZE,3,8
469,44.3804992,-73.2588479,47.92,0.359999984503,STABILIZE,3,8
469,44.3804992,-73.2588481,47.93,0.259999990463,STABILIZE,3,8
467,44.3804993,-73.2588482,48.02,0.389999985695,STABILIZE,3,8
467,44.380498,-73.2588491,47.95,0.550000011921,STABILIZE,3,8
467,44.3804975,-73.2588489,47.93,0.370000004768,STABILIZE,3,8
467,44.3804963,-73.2588487,47.9,0.269999980927,STABILIZE,3,8
468,44.3804939,-73.2588492,47.88,0.0499999970198,STABILIZE,3,8
468,44.3804946,-73.2588492,47.92,0.259999990463,STABILIZE,3,8
468,44.3804945,-73.2588498,47.86,0.519999980927,STABILIZE,3,8
467,44.3804948,-73.2588485,47.84,0.129999995232,STABILIZE,3,8
467,44.3804935,-73.2588492,47.83,0.419999986887,STABILIZE,3,8
467,44.3804926,-73.2588484,47.82,0.289999991655,STABILIZE,3,8
467,44.3804929,-73.2588484,47.8,0.149999991059,STABILIZE,3,8
467,44.3804918,-73.2588487,47.79,0.209999993443,STABILIZE,3,8
467,44.380492,-73.2588492,47.79,0.179999992251,STABILIZE,3,8
467,44.3804926,-73.2588501,47.77,0.140000000596,STABILIZE,3,8
467,44.3804916,-73.2588488,47.76,0.269999980927,STABILIZE,3,8
467,44.3804924,-73.2588494,47.74,0.140000000596,STABILIZE,3,8
467,44.380492,-73.2588495,47.74,0.129999995232,STABILIZE,3,8
467,44.3804921,-73.2588491,47.74,0.140000000596,STABILIZE,3,8
467,44.3804925,-73.2588494,47.73,0.310000002384,STABILIZE,3,8
467,44.3804925,-73.2588491,47.73,0.189999997616,STABILIZE,3,8
467,44.3804928,-73.2588493,47.73,0.189999997616,STABILIZE,3,8
467,44.3804943,-73.2588477,47.73,0.560000002384,STABILIZE,3,8
467,44.3804955,-73.2588488,47.73,0.229999989271,STABILIZE,3,8
467,44.3804964,-73.2588486,47.72,0.189999997616,STABILIZE,3,8
467,44.3804971,-73.2588486,47.71,0.319999992847,STABILIZE,3,8
467,44.3804961,-73.2588497,47.72,0.179999992251,STABILIZE,3,8
467,44.3804953,-73.2588501,47.73,0.140000000596,STABILIZE,3,8
467,44.3804961,-73.2588498,47.73,0.119999997318,STABILIZE,3,8
467,44.3804964,-73.2588499,47.72,0.149999991059,STABILIZE,3,8
467,44.380496,-73.2588499,47.72,0.0899999961257,STABILIZE,3,8
467,44.380496,-73.2588503,47.72,0.359999984503,STABILIZE,3,8
467,44.3804952,-73.258851,47.71,0.280000001192,STABILIZE,3,8
467,44.380495,-73.2588517,47.72,0.289999991655,STABILIZE,3,8
467,44.380494,-73.2588521,47.72,0.119999997318,STABILIZE,3,8
467,44.380494,-73.2588518,47.74,0.019999999553,STABILIZE,3,8
467,44.3804929,-73.258852,47.74,0.109999999404,STABILIZE,3,8
467,44.3804923,-73.2588515,47.73,0.149999991059,STABILIZE,3,8
467,44.3804914,-73.2588521,47.73,0.259999990463,STABILIZE,3,8
467,44.3804899,-73.2588523,47.72,0.170000001788,STABILIZE,3,6
467,44.380489,-73.2588526,47.74,0.379999995232,STABILIZE,3,6
467,44.3804891,-73.2588528,47.74,0.0799999982119,STABILIZE,3,6
467,44.3804886,-73.2588525,47.74,0.219999998808,STABILIZE,3,7
467,44.3804886,-73.2588525,47.74,0.219999998808,STABILIZE,3,7
467,44.3804886,-73.2588525,47.74,0.219999998808,STABILIZE,3,7
467,44.3804886,-73.2588525,47.74,0.219999998808,STABILIZE,3,7
468,44.3804886,-73.2588525,47.74,0.219999998808,STABILIZE,3,7
468,44.3804889,-73.2588526,47.73,0.129999995232,STABILIZE,3,7
468,44.3804889,-73.2588517,47.74,0.019999999553,STABILIZE,3,7
468,44.3804887,-73.2588504,47.76,0.239999994636,STABILIZE,3,7
468,44.3804884,-73.25885,47.8,0.0599999986589,STABILIZE,3,7
468,44.3804879,-73.2588503,47.81,0.159999996424,STABILIZE,3,7
468,44.3804868,-73.2588503,47.84,0.25,STABILIZE,3,7
467,44.3804858,-73.258851,47.85,0.0499999970198,STABILIZE,3,7
467,44.3804847,-73.2588515,47.84,0.310000002384,STABILIZE,3,7
467,44.3804836,-73.2588528,47.84,0.140000000596,STABILIZE,3,7
467,44.3804828,-73.2588543,47.83,0.109999999404,STABILIZE,3,7
467,44.3804825,-73.2588555,47.84,0.129999995232,STABILIZE,3,7
467,44.3804832,-73.2588565,47.8,0.119999997318,STABILIZE,3,7
467,44.3804835,-73.2588564,47.76,0.25,STABILIZE,3,7
467,44.3804837,-73.2588565,47.74,0.0999999940395,STABILIZE,3,7
467,44.3804838,-73.2588566,47.72,0.319999992847,STABILIZE,3,7
467,44.380484,-73.2588566,47.68,0.239999994636,STABILIZE,3,7
467,44.380484,-73.2588563,47.64,0.25,STABILIZE,3,7
467,44.380484,-73.2588556,47.61,0.140000000596,STABILIZE,3,7
468,44.380484,-73.2588564,47.53,0.0999999940395,STABILIZE,3,7
468,44.3804845,-73.2588566,47.52,0.0499999970198,STABILIZE,3,7
468,44.3804847,-73.2588558,47.51,0.119999997318,STABILIZE,3,7
469,44.3804855,-73.2588559,47.49,0.170000001788,STABILIZE,3,7
469,44.3804865,-73.2588555,47.5,0.140000000596,STABILIZE,3,7
469,44.3804868,-73.2588552,47.5,0.140000000596,STABILIZE,3,7
469,44.3804862,-73.2588554,47.46,0.0399999991059,STABILIZE,3,7
470,44.380486,-73.2588556,47.4,0.019999999553,STABILIZE,3,7
470,44.3804867,-73.2588559,47.4,0.280000001192,STABILIZE,3,7
470,44.380487,-73.2588552,47.41,0.419999986887,STABILIZE,3,7
470,44.3804863,-73.2588556,47.42,0.149999991059,STABILIZE,3,7
471,44.3804859,-73.2588557,47.46,0.199999988079,STABILIZE,3,7
471,44.3804854,-73.2588557,47.5,0.149999991059,STABILIZE,3,7
471,44.3804852,-73.2588558,47.52,0.229999989271,STABILIZE,3,7
471,44.3804839,-73.2588557,47.54,0.199999988079,STABILIZE,3,7
471,44.3804835,-73.2588562,47.54,0.319999992847,STABILIZE,3,7
471,44.3804818,-73.2588568,47.56,0.0899999961257,STABILIZE,3,7
471,44.3804814,-73.2588563,47.57,0.199999988079,STABILIZE,3,7
471,44.3804808,-73.2588572,47.56,0.229999989271,STABILIZE,3,7
471,44.3804807,-73.2588571,47.54,0.119999997318,STABILIZE,3,7
471,44.3804807,-73.2588576,47.52,0.229999989271,STABILIZE,3,7
471,44.3804807,-73.258858,47.51,0.129999995232,STABILIZE,3,7
471,44.3804803,-73.2588575,47.51,0.0999999940395,STABILIZE,3,7
471,44.3804797,-73.2588581,47.5,0.159999996424,STABILIZE,3,7
471,44.3804803,-73.2588572,47.5,0.140000000596,STABILIZE,3,7
471,44.3804804,-73.2588573,47.5,0.0799999982119,STABILIZE,3,7
471,44.3804808,-73.2588572,47.49,0.0499999970198,STABILIZE,3,7
471,44.3804814,-73.258857,47.47,0.199999988079,STABILIZE,3,7
471,44.3804811,-73.2588579,47.43,0.0999999940395,STABILIZE,3,7
471,44.3804814,-73.258858,47.43,0.0499999970198,STABILIZE,3,7
471,44.380482,-73.2588583,47.38,0.289999991655,STABILIZE,3,7
471,44.3804815,-73.2588586,47.36,0.0999999940395,STABILIZE,3,7
471,44.3804812,-73.2588586,47.34,0.0299999993294,STABILIZE,3,7
471,44.3804816,-73.2588596,47.34,0.209999993443,STABILIZE,3,7
471,44.3804819,-73.2588599,47.35,0.179999992251,STABILIZE,3,7
471,44.3804824,-73.2588601,47.35,0.199999988079,STABILIZE,3,7
471,44.3804824,-73.25886,47.36,0.299999982119,STABILIZE,3,8
471,44.3804824,-73.25886,47.38,0.140000000596,STABILIZE,3,8
471,44.3804823,-73.2588598,47.38,0.119999997318,STABILIZE,3,8
471,44.3804824,-73.2588594,47.38,0.070000000298,STABILIZE,3,8
471,44.380483,-73.2588591,47.38,0.0399999991059,STABILIZE,3,8
470,44.3804838,-73.2588587,47.37,0.209999993443,STABILIZE,3,8
470,44.3804851,-73.2588588,47.36,0.299999982119,STABILIZE,3,8
470,44.380487,-73.2588581,47.36,0.119999997318,GUIDED,3,8
470,44.3804877,-73.2588576,47.4,0.159999996424,GUIDED,3,8
458,44.3804892,-73.2588574,47.55,0.620000004768,GUIDED,3,8
458,44.3804948,-73.2588515,48.09,1.39999997616,GUIDED,3,8
458,44.3804993,-73.2588469,48.83,0.680000007153,GUIDED,3,8
503,44.3804957,-73.2588537,50.27,1.27999997139,GUIDED,3,9
503,44.3804889,-73.2588595,51.35,1.87000000477,GUIDED,3,9
503,44.380485,-73.2588612,51.99,1.53999996185,GUIDED,3,9
503,44.38048,-73.2588633,53.12,0.949999988079,GUIDED,3,9
560,44.3804779,-73.2588662,54.26,0.689999997616,GUIDED,3,9
560,44.3804745,-73.258873,55.84,0.799999952316,GUIDED,3,9
560,44.3804712,-73.2588772,56.54,0.799999952316,GUIDED,3,9
560,44.3804701,-73.2588792,56.92,0.560000002384,GUIDED,3,9
504,44.3804717,-73.2588778,57.17,0.219999998808,AUTO,3,9
504,44.3804771,-73.2588739,57.42,0.620000004768,AUTO,3,9
504,44.3804827,-73.2588692,57.77,1.40999996662,AUTO,3,9
504,44.3804867,-73.2588653,58.19,0.399999976158,AUTO,3,9
506,44.3804875,-73.2588642,58.69,0.25,AUTO,3,9
506,44.3804879,-73.2588642,59.33,0.42999997735,AUTO,3,9
506,44.3804885,-73.2588656,60.55,0.179999992251,AUTO,3,9
509,44.3804877,-73.2588666,61.47,0.25,AUTO,3,9
509,44.3804852,-73.2588678,62.5,0.459999978542,AUTO,3,9
509,44.3804823,-73.258869,63.63,0.789999961853,AUTO,3,9
509,44.3804795,-73.2588701,64.84,0.579999983311,AUTO,3,9
498,44.3804775,-73.258872,66.05,0.140000000596,AUTO,3,9
498,44.3804764,-73.2588732,67.2,0.329999983311,AUTO,3,9
498,44.3804747,-73.2588742,68.45,0.070000000298,AUTO,3,9
498,44.3804736,-73.2588749,69.57,0.519999980927,AUTO,3,9
468,44.380472,-73.2588761,70.52,0.509999990463,AUTO,3,9
468,44.380471,-73.2588764,71.26,0.109999999404,AUTO,3,9
468,44.3804704,-73.2588749,71.73,0.25,AUTO,3,9
468,44.3804711,-73.2588769,71.92,0.459999978542,AUTO,3,9
519,44.380474,-73.2588818,71.81,0.849999964237,AUTO,3,9
519,44.3804776,-73.2588884,71.52,1.32999992371,AUTO,3,9
519,44.3804811,-73.2588972,71.08,1.62000000477,AUTO,3,9
519,44.3804846,-73.2589064,70.59,1.25999999046,AUTO,3,9
519,44.3804872,-73.258914,69.92,1.49000000954,AUTO,3,9
519,44.3804904,-73.2589225,69.03,0.969999969006,AUTO,3,9
519,44.3804943,-73.25893,68.33,1.48000001907,AUTO,3,10
516,44.3805025,-73.2589461,67.38,1.79999995232,AUTO,3,10
516,44.3805093,-73.2589558,66.69,1.90999996662,AUTO,3,10
516,44.3805153,-73.2589651,66.02,1.62000000477,AUTO,3,10
516,44.3805194,-73.2589738,65.38,1.66999995708,AUTO,3,10
509,44.3805231,-73.2589836,64.71,1.82999992371,AUTO,3,10
509,44.3805262,-73.2589931,63.99,1.4699999094,AUTO,3,10
509,44.3805284,-73.2590025,63.27,1.55999994278,AUTO,3,10
509,44.3805325,-73.2590165,62.27,1.75999999046,AUTO,3,10
499,44.3805361,-73.2590268,61.59,1.78999996185,AUTO,3,10
499,44.3805411,-73.2590365,60.95,1.76999998093,AUTO,3,10
499,44.3805474,-73.2590447,60.3,1.51999998093,AUTO,3,10
494,44.3805534,-73.2590526,59.65,1.66999995708,AUTO,3,10
494,44.3805575,-73.2590603,58.99,1.31999993324,AUTO,3,10
494,44.3805594,-73.2590692,58.32,1.26999998093,AUTO,3,9
494,44.3805604,-73.2590772,57.73,1.37999999523,AUTO,3,9
496,44.380562,-73.2590853,57.15,1.26999998093,AUTO,3,9
496,44.3805658,-73.2590967,56.35,1.27999997139,AUTO,3,9
496,44.3805688,-73.2591039,55.83,1.61000001431,AUTO,3,9
496,44.380573,-73.2591112,55.28,1.30999994278,AUTO,3,9
495,44.3805775,-73.259118,54.75,1.51999998093,AUTO,3,9
495,44.3805819,-73.2591244,54.22,1.5,AUTO,3,9
495,44.3805882,-73.2591345,53.47,1.42999994755,AUTO,3,9
495,44.3805921,-73.259143,52.84,1.44999992847,AUTO,3,9
494,44.3805955,-73.2591524,52.25,1.88999998569,AUTO,3,9
494,44.3805998,-73.2591642,51.62,2.06999993324,AUTO,3,9
494,44.3806039,-73.2591736,51.01,2.13999986649,AUTO,3,9
490,44.3806085,-73.2591831,50.41,1.51999998093,AUTO,3,9
490,44.3806107,-73.2591889,49.92,1.12000000477,AUTO,3,9
490,44.38061,-73.2591934,49.52,0.329999983311,AUTO,3,9
490,44.3806099,-73.2591948,49.32,0.319999992847,AUTO,3,9
484,44.3806121,-73.2591952,49.25,0.52999997139,AUTO,3,9
484,44.380616,-73.2591947,49.29,0.5,AUTO,3,9
484,44.3806166,-73.2591932,49.33,0.179999992251,AUTO,3,9
484,44.3806157,-73.2591926,49.34,0.399999976158,AUTO,3,9
484,44.3806148,-73.2591928,49.36,0.509999990463,AUTO,3,9
484,44.3806148,-73.2591929,49.37,0.0499999970198,AUTO,3,9
484,44.3806147,-73.2591927,49.38,0.289999991655,AUTO,3,9
484,44.3806148,-73.2591913,49.35,0.299999982119,AUTO,3,9
482,44.3806148,-73.2591911,49.35,0.389999985695,AUTO,3,9
482,44.3806136,-73.259192,49.36,0.509999990463,AUTO,3,9
482,44.3806128,-73.2591931,49.39,0.42999997735,AUTO,3,9
476,44.3806119,-73.2591925,49.39,0.149999991059,AUTO,3,9
476,44.3806115,-73.2591908,49.41,0.170000001788,AUTO,3,9
476,44.3806109,-73.2591911,49.42,0.170000001788,AUTO,3,9
476,44.3806108,-73.2591919,49.42,0.469999998808,AUTO,3,9
476,44.3806108,-73.2591924,49.45,0.0899999961257,AUTO,3,9
476,44.380611,-73.2591928,49.5,0.170000001788,AUTO,3,9
476,44.3806114,-73.259193,49.53,0.219999998808,AUTO,3,10
476,44.380611,-73.2591931,49.53,0.209999993443,AUTO,3,10
474,44.380611,-73.2591932,49.51,0.239999994636,AUTO,3,10
474,44.3806106,-73.2591934,49.46,0.219999998808,AUTO,3,10
474,44.3806103,-73.2591943,49.4,0.289999991655,AUTO,3,10
474,44.3806106,-73.2591953,49.36,0.310000002384,AUTO,3,10
477,44.3806119,-73.2591963,49.35,0.419999986887,AUTO,3,10
477,44.3806132,-73.2591967,49.31,0.389999985695,AUTO,3,10
477,44.3806144,-73.2591971,49.3,0.310000002384,AUTO,3,10
477,44.3806144,-73.259196,49.29,0.119999997318,AUTO,3,10
477,44.3806143,-73.2591943,49.27,0.209999993443,AUTO,3,10
477,44.3806142,-73.2591944,49.28,0.109999999404,AUTO,3,10
477,44.3806139,-73.2591936,49.3,0.119999997318,AUTO,3,10
475,44.3806133,-73.2591921,49.29,0.119999997318,AUTO,3,10
475,44.3806131,-73.2591914,49.29,0.0499999970198,AUTO,3,10
475,44.380613,-73.2591916,49.32,0.170000001788,AUTO,3,10
475,44.3806128,-73.2591916,49.34,0.109999999404,AUTO,3,10
472,44.3806127,-73.2591917,49.37,0.229999989271,AUTO,3,9
472,44.3806123,-73.2591923,49.41,0.219999998808,AUTO,3,9
472,44.3806116,-73.2591934,49.45,0.340000003576,AUTO,3,9
472,44.3806108,-73.2591946,49.5,0.259999990463,AUTO,3,9
471,44.3806108,-73.2591952,49.53,0.239999994636,AUTO,3,9
471,44.3806115,-73.2591944,49.54,0.109999999404,AUTO,3,10
471,44.3806123,-73.2591934,49.56,0.259999990463,AUTO,3,10
473,44.3806129,-73.2591933,49.55,0.0799999982119,AUTO,3,10
473,44.3806127,-73.2591931,49.5,0.129999995232,AUTO,3,10
473,44.3806132,-73.2591932,49.43,0.229999989271,AUTO,3,10
473,44.3806136,-73.2591929,49.4,0.159999996424,AUTO,3,10
475,44.3806137,-73.2591934,49.36,0.25,AUTO,3,10
475,44.3806138,-73.2591944,49.37,0.299999982119,AUTO,3,10
475,44.3806134,-73.2591942,49.37,0.119999997318,AUTO,3,10
475,44.3806127,-73.2591941,49.39,0.159999996424,AUTO,3,10
475,44.3806126,-73.2591935,49.43,0.229999989271,AUTO,3,10
475,44.3806129,-73.259194,49.45,0.0899999961257,AUTO,3,10
475,44.3806133,-73.2591946,49.45,0.310000002384,AUTO,3,10
475,44.3806131,-73.259195,49.48,0.129999995232,AUTO,3,10
476,44.3806131,-73.2591951,49.49,0.0599999986589,AUTO,3,9
476,44.3806136,-73.2591955,49.8,0.159999996424,AUTO,3,9
476,44.3806134,-73.2591959,50.08,0.229999989271,AUTO,3,9
475,44.3806145,-73.2591954,50.24,0.219999998808,AUTO,3,9
475,44.3806147,-73.2591948,50.35,0.159999996424,AUTO,3,9
475,44.3806137,-73.2591943,50.38,0.280000001192,AUTO,3,9
475,44.3806128,-73.259194,50.4,0.479999989271,AUTO,3,9
475,44.3806119,-73.2591944,50.4,0.269999980927,AUTO,3,9
475,44.3806116,-73.2591943,50.39,0.219999998808,AUTO,3,9
475,44.3806113,-73.2591942,50.38,0.359999984503,AUTO,3,9
475,44.3806109,-73.2591945,50.42,0.209999993443,AUTO,3,10
474,44.380611,-73.2591941,50.42,0.119999997318,AUTO,3,10
474,44.3806114,-73.259194,50.42,0.140000000596,AUTO,3,10
474,44.3806121,-73.2591943,50.43,0.179999992251,AUTO,3,10
474,44.3806123,-73.259195,50.42,0.170000001788,AUTO,3,10
474,44.3806123,-73.2591949,50.42,0.0899999961257,AUTO,3,10
474,44.3806131,-73.259195,50.42,0.149999991059,AUTO,3,10
474,44.3806134,-73.2591953,50.41,0.0999999940395,AUTO,3,10
472,44.380614,-73.2591952,50.41,0.170000001788,AUTO,3,10
472,44.380615,-73.2591952,50.4,0.370000004768,AUTO,3,10
472,44.3806155,-73.2591945,50.37,0.219999998808,AUTO,3,10
472,44.3806151,-73.2591936,50.36,0.519999980927,AUTO,3,10
472,44.3806143,-73.2591933,50.37,0.219999998808,AUTO,3,10
472,44.380614,-73.2591922,50.37,0.289999991655,AUTO,3,10
472,44.3806131,-73.2591905,50.36,0.409999996424,AUTO,3,10
472,44.3806129,-73.2591894,50.36,0.140000000596,AUTO,3,10
472,44.3806135,-73.2591907,50.38,0.0799999982119,AUTO,3,10
472,44.3806145,-73.2591924,50.38,0.239999994636,AUTO,3,10
472,44.3806146,-73.2591918,50.35,0.0999999940395,AUTO,3,11
472,44.3806146,-73.2591921,50.3,0.299999982119,AUTO,3,11
474,44.3806147,-73.2591926,50.31,0.00999999977648,AUTO,3,11
474,44.3806154,-73.2591935,50.34,0.170000001788,AUTO,3,11
474,44.3806154,-73.2591941,50.36,0.199999988079,AUTO,3,11
473,44.3806149,-73.2591933,50.34,0.189999997616,AUTO,3,11
473,44.3806145,-73.2591933,50.33,0.219999998808,AUTO,3,11
473,44.3806147,-73.2591938,50.3,0.189999997616,AUTO,3,11
473,44.380615,-73.259195,50.28,0.0899999961257,AUTO,3,11
473,44.3806154,-73.2591955,50.23,0.109999999404,AUTO,3,11
473,44.3806152,-73.2591952,50.2,0.329999983311,AUTO,3,11
473,44.3806151,-73.2591959,50.18,0.209999993443,AUTO,3,11
473,44.3806152,-73.2591969,50.17,0.319999992847,AUTO,3,11
473,44.3806152,-73.2591983,50.19,0.239999994636,AUTO,3,11
473,44.3806148,-73.2591976,50.23,0.359999984503,AUTO,3,11
473,44.3806148,-73.259196,50.25,0.149999991059,AUTO,3,11
473,44.3806152,-73.2591959,50.26,0.199999988079,AUTO,3,11
474,44.3806147,-73.2591952,50.28,0.329999983311,AUTO,3,11
474,44.3806139,-73.2591939,50.31,0.370000004768,AUTO,3,11
474,44.3806133,-73.259193,50.33,0.379999995232,AUTO,3,11
473,44.3806125,-73.2591925,50.33,0.289999991655,AUTO,3,11
473,44.3806111,-73.2591931,50.3,0.259999990463,AUTO,3,11
473,44.3806105,-73.2591937,50.27,0.340000003576,AUTO,3,11
473,44.3806103,-73.2591944,50.27,0.199999988079,AUTO,3,11
473,44.3806107,-73.259195,50.29,0.170000001788,AUTO,3,11
473,44.3806117,-73.2591952,50.27,0.199999988079,AUTO,3,11
473,44.380612,-73.2591963,50.27,0.259999990463,AUTO,3,11
473,44.3806127,-73.2591963,50.28,0.159999996424,AUTO,3,11
472,44.3806135,-73.2591957,50.28,0.299999982119,AUTO,3,11
472,44.3806145,-73.2591959,50.28,0.0799999982119,AUTO,3,11
472,44.3806152,-73.2591963,50.29,0.0799999982119,AUTO,3,12
472,44.380615,-73.2591979,50.43,0.269999980927,AUTO,3,12
474,44.3806128,-73.2591987,50.78,0.719999969006,AUTO,3,12
474,44.3806108,-73.2591974,51.3,0.610000014305,AUTO,3,12
474,44.3806118,-73.2591964,51.8,0.199999988079,AUTO,3,12
474,44.3806141,-73.2591979,52.09,0.519999980927,AUTO,3,12
474,44.3806152,-73.2592008,52.19,0.789999961853,AUTO,3,12
474,44.3806149,-73.2592034,52.28,0.669999957085,AUTO,3,12
474,44.3806149,-73.2592055,52.3,0.280000001192,AUTO,3,11
473,44.3806163,-73.2592054,52.32,0.389999985695,AUTO,3,10
473,44.3806171,-73.2592049,52.32,0.289999991655,AUTO,3,11
473,44.3806169,-73.2592036,52.3,0.489999979734,AUTO,3,11
473,44.380616,-73.2592005,52.3,0.629999995232,AUTO,3,11
473,44.3806152,-73.2591985,52.28,0.409999996424,AUTO,3,11
473,44.3806153,-73.2591972,52.26,0.409999996424,AUTO,3,11
473,44.3806153,-73.2591964,52.22,0.209999993443,AUTO,3,11
473,44.3806146,-73.2591964,52.21,0.259999990463,AUTO,3,11
475,44.3806138,-73.2591957,52.2,0.389999985695,AUTO,3,11
475,44.3806132,-73.2591958,52.21,0.109999999404,AUTO,3,10
475,44.3806137,-73.2591977,52.24,0.280000001192,AUTO,3,11
476,44.3806147,-73.2591998,52.25,0.389999985695,AUTO,3,11
476,44.380615,-73.2592017,52.27,0.229999989271,AUTO,3,11
476,44.3806153,-73.2592022,52.28,0.0599999986589,AUTO,3,11
476,44.3806163,-73.2592026,52.31,0.359999984503,AUTO,3,10
476,44.3806171,-73.2592031,52.35,0.109999999404,AUTO,3,10
476,44.3806175,-73.2592043,52.34,0.370000004768,AUTO,3,10
476,44.3806168,-73.2592041,52.34,0.399999976158,AUTO,3,10
476,44.380616,-73.2592026,52.33,0.489999979734,AUTO,3,11
475,44.3806149,-73.2592018,52.33,0.329999983311,AUTO,3,11
475,44.3806142,-73.2592008,52.32,0.479999989271,AUTO,3,11
475,44.3806135,-73.2592008,52.33,0.229999989271,AUTO,3,11
475,44.3806135,-73.2592011,52.34,0.239999994636,AUTO,3,10
476,44.380614,-73.2592019,52.36,0.359999984503,AUTO,3,10
476,44.3806143,-73.2592031,52.37,0.140000000596,AUTO,3,10
476,44.3806146,-73.2592035,52.35,0.119999997318,AUTO,3,10
477,44.380615,-73.2592033,52.33,0.269999980927,AUTO,3,10
477,44.3806153,-73.2592033,52.3,0.219999998808,AUTO,3,10
477,44.3806159,-73.2592026,52.28,0.199999988079,AUTO,3,10
477,44.3806164,-73.2592025,52.27,0.159999996424,AUTO,3,10
479,44.3806173,-73.2592014,52.26,0.159999996424,AUTO,3,10
479,44.3806175,-73.2592007,52.2,0.329999983311,AUTO,3,10
479,44.3806161,-73.2591993,52.18,0.669999957085,AUTO,3,10
479,44.3806147,-73.259198,52.15,0.659999966621,AUTO,3,11
479,44.3806132,-73.2591968,52.16,0.569999992847,AUTO,3,11
479,44.3806121,-73.2591968,52.16,1.14999997616,AUTO,3,11
479,44.3806101,-73.2591995,52.21,0.459999978542,AUTO,3,11
479,44.38061,-73.2592015,52.26,0.560000002384,AUTO,3,11
479,44.3806103,-73.2592047,52.29,0.560000002384,AUTO,3,10
479,44.3806117,-73.2592071,52.32,1.00999999046,AUTO,3,10
479,44.3806146,-73.2592071,52.36,0.819999992847,AUTO,3,10
480,44.3806176,-73.2592054,52.39,1.00999999046,AUTO,3,11
480,44.3806205,-73.2592022,52.4,1.12000000477,AUTO,3,11
480,44.3806224,-73.2591976,52.37,0.870000004768,AUTO,3,11
480,44.3806213,-73.259193,52.36,1.05999994278,AUTO,3,11
481,44.3806178,-73.2591891,52.36,0.959999978542,AUTO,3,11
481,44.3806161,-73.2591887,52.37,0.959999978542,AUTO,3,11
481,44.3806144,-73.2591899,52.4,0.949999988079,AUTO,3,11
481,44.3806126,-73.2591918,52.41,1.95999991894,AUTO,3,10
481,44.3806097,-73.2591963,52.44,1.48000001907,AUTO,3,10
481,44.3806075,-73.2592016,52.43,1.43999993801,AUTO,3,10
481,44.3806059,-73.2592079,52.43,0.959999978542,AUTO,3,10
65535,44.3806052,-73.2592153,52.69,0.819999992847,AUTO,3,11
481,44.3806055,-73.2592156,52.87,0.539999961853,AUTO,3,10
481,44.3806096,-73.2592121,53.76,0.879999995232,AUTO,3,10
481,44.3806155,-73.2592074,54.52,1.61000001431,AUTO,3,11
470,44.3806202,-73.259203,55.47,1.17999994755,AUTO,3,11
470,44.3806215,-73.2592016,56.21,0.280000001192,AUTO,3,11
470,44.3806201,-73.2592028,56.74,0.42999997735,AUTO,3,11
470,44.3806169,-73.2592024,57.04,0.759999990463,AUTO,3,9
470,44.3806143,-73.2592003,57.23,0.669999957085,AUTO,3,11
470,44.3806131,-73.2591986,57.34,0.239999994636,AUTO,3,11
470,44.3806134,-73.2591966,57.44,0.479999989271,AUTO,3,11
470,44.3806137,-73.2591929,57.53,0.439999997616,AUTO,3,11
466,44.3806138,-73.2591921,57.47,0.140000000596,AUTO,3,11
466,44.3806147,-73.2591921,57.41,0.25,AUTO,3,11
466,44.3806158,-73.2591922,57.4,0.459999978542,AUTO,3,11
466,44.380616,-73.2591931,57.41,0.239999994636,AUTO,3,11
465,44.3806159,-73.2591941,57.38,0.199999988079,AUTO,3,11
465,44.3806161,-73.2591949,57.34,0.0599999986589,AUTO,3,11
465,44.3806168,-73.2591955,57.35,0.119999997318,AUTO,3,11
466,44.380617,-73.2591958,57.35,0.34999999404,AUTO,3,11
466,44.3806156,-73.2591957,57.33,0.42999997735,AUTO,3,11
466,44.3806139,-73.2591965,57.32,0.599999964237,AUTO,3,11
466,44.3806128,-73.2591974,57.36,0.149999991059,AUTO,3,11
465,44.3806122,-73.2591983,57.38,0.209999993443,AUTO,3,11
465,44.3806121,-73.2591984,57.41,0.149999991059,AUTO,3,11
465,44.380612,-73.2591989,57.41,0.280000001192,AUTO,3,11
465,44.3806118,-73.2591988,57.4,0.229999989271,AUTO,3,11
465,44.3806124,-73.2591984,57.4,0.419999986887,AUTO,3,11
465,44.3806132,-73.2591978,57.39,0.199999988079,AUTO,3,11
465,44.3806145,-73.2591965,57.36,0.389999985695,AUTO,3,11
465,44.3806147,-73.2591961,57.32,0.289999991655,AUTO,3,11
464,44.3806146,-73.2591956,57.3,0.289999991655,AUTO,3,11
464,44.380615,-73.2591949,57.28,0.140000000596,AUTO,3,11
464,44.3806153,-73.2591947,57.28,0.189999997616,AUTO,3,11
464,44.3806154,-73.2591944,57.29,0.179999992251,AUTO,3,11
464,44.3806152,-73.2591945,57.3,0.409999996424,AUTO,3,11
464,44.3806144,-73.2591945,57.28,0.280000001192,AUTO,3,11
464,44.3806139,-73.259195,57.33,0.219999998808,AUTO,3,11
464,44.3806138,-73.2591951,57.38,0.0599999986589,AUTO,3,11
464,44.3806139,-73.2591951,57.41,0.070000000298,AUTO,3,11
464,44.3806142,-73.2591955,57.39,0.149999991059,AUTO,3,11
464,44.3806139,-73.2591958,57.36,0.129999995232,AUTO,3,11
463,44.3806138,-73.2591962,57.37,0.179999992251,AUTO,3,11
463,44.3806139,-73.2591963,57.38,0.109999999404,AUTO,3,11
463,44.3806134,-73.2591961,57.38,0.399999976158,AUTO,3,11
463,44.3806121,-73.2591954,57.39,0.34999999404,AUTO,3,11
462,44.3806118,-73.259195,57.4,0.140000000596,AUTO,3,11
462,44.3806117,-73.2591949,57.4,0.340000003576,AUTO,3,11
462,44.3806123,-73.2591947,57.41,0.289999991655,AUTO,3,10
464,44.3806134,-73.2591945,57.37,0.269999980927,AUTO,3,10
464,44.3806149,-73.2591956,57.35,0.370000004768,AUTO,3,10
464,44.380616,-73.2591969,57.37,0.25,AUTO,3,11
464,44.3806152,-73.2591977,57.36,0.070000000298,AUTO,3,11
465,44.3806145,-73.2591969,57.36,0.289999991655,AUTO,3,10
465,44.3806142,-73.2591957,57.36,0.229999989271,AUTO,3,10
465,44.3806142,-73.2591955,57.36,0.140000000596,AUTO,3,10
465,44.3806146,-73.2591947,57.39,0.170000001788,AUTO,3,10
463,44.3806145,-73.2591932,57.42,0.319999992847,AUTO,3,10
463,44.3806138,-73.259193,57.43,0.119999997318,AUTO,3,10
463,44.3806142,-73.2591929,57.44,0.109999999404,AUTO,3,10
463,44.3806145,-73.2591926,57.49,0.239999994636,AUTO,3,10
461,44.3806142,-73.2591922,57.5,0.0799999982119,AUTO,3,10
461,44.3806137,-73.2591936,57.57,0.199999988079,AUTO,3,10
461,44.3806149,-73.2591948,57.84,0.469999998808,AUTO,3,10
464,44.3806166,-73.2591953,58.28,0.280000001192,AUTO,3,10
464,44.3806171,-73.2591945,59.23,0.119999997318,AUTO,3,10
464,44.3806163,-73.2591937,60.05,0.219999998808,AUTO,3,11
464,44.3806154,-73.2591948,60.92,0.239999994636,AUTO,3,11
464,44.3806134,-73.2591956,61.6,0.199999988079,AUTO,3,11
464,44.3806112,-73.2591956,61.94,0.769999980927,AUTO,3,11
464,44.3806101,-73.2591956,62.1,0.389999985695,AUTO,3,11
464,44.3806112,-73.2591954,62.21,0.170000001788,AUTO,3,11
462,44.380613,-73.2591953,62.3,0.269999980927,AUTO,3,11
462,44.3806133,-73.2591952,62.34,0.219999998808,AUTO,3,11
462,44.3806134,-73.2591952,62.36,0.319999992847,AUTO,3,11
462,44.3806142,-73.2591949,62.37,0.159999996424,AUTO,3,11
462,44.3806144,-73.2591942,62.39,0.199999988079,AUTO,3,11
462,44.3806139,-73.2591938,62.38,0.370000004768,AUTO,3,11
462,44.3806136,-73.2591938,62.38,0.0899999961257,AUTO,3,11
462,44.3806138,-73.2591938,62.38,0.189999997616,AUTO,3,11
462,44.3806142,-73.2591934,62.37,0.209999993443,AUTO,3,11
462,44.3806149,-73.2591927,62.4,0.0299999993294,AUTO,3,11
462,44.380615,-73.2591925,62.4,0.189999997616,AUTO,3,11
463,44.3806149,-73.2591922,62.44,0.219999998808,AUTO,3,11
463,44.3806147,-73.2591935,62.42,0.199999988079,AUTO,3,11
463,44.3806149,-73.2591945,62.39,0.269999980927,AUTO,3,11
463,44.3806156,-73.2591955,62.41,0.149999991059,AUTO,3,11
465,44.3806149,-73.2591949,62.38,0.459999978542,AUTO,3,11
465,44.380614,-73.2591939,62.35,0.389999985695,AUTO,3,11
465,44.3806139,-73.259193,62.39,0.34999999404,AUTO,3,11
465,44.3806141,-73.2591924,62.4,0.239999994636,AUTO,3,11
463,44.3806143,-73.2591925,62.39,0.189999997616,AUTO,3,11
463,44.3806155,-73.2591934,62.4,0.109999999404,AUTO,3,11
463,44.3806158,-73.259193,62.38,0.209999993443,AUTO,3,11
463,44.3806157,-73.2591926,62.36,0.289999991655,AUTO,3,11
463,44.3806158,-73.2591936,62.35,0.259999990463,AUTO,3,11
463,44.3806154,-73.259195,62.36,0.52999997139,AUTO,3,11
463,44.380615,-73.2591959,62.31,0.299999982119,AUTO,3,11
466,44.380615,-73.2591944,62.32,0.269999980927,AUTO,3,11
466,44.3806146,-73.2591938,62.31,0.329999983311,AUTO,3,11
466,44.3806138,-73.259194,62.3,0.109999999404,AUTO,3,11
466,44.3806133,-73.2591938,62.34,0.0899999961257,AUTO,3,11
466,44.3806124,-73.2591931,62.33,0.159999996424,AUTO,3,11
466,44.3806119,-73.2591923,62.29,0.119999997318,AUTO,3,11
466,44.3806124,-73.2591922,62.27,0.0999999940395,AUTO,3,11
466,44.3806134,-73.2591918,62.29,0.269999980927,AUTO,3,11
462,44.3806138,-73.2591905,62.31,0.109999999404,AUTO,3,11
462,44.3806138,-73.2591905,62.31,0.269999980927,AUTO,3,11
462,44.3806144,-73.259192,62.3,0.439999997616,AUTO,3,11
463,44.380615,-73.2591937,62.3,0.229999989271,AUTO,3,11
463,44.3806147,-73.2591944,62.28,0.319999992847,AUTO,3,11
463,44.3806149,-73.2591945,62.26,0.129999995232,AUTO,3,11
463,44.3806142,-73.2591941,62.27,0.209999993443,AUTO,3,11
466,44.3806138,-73.2591942,62.24,0.129999995232,AUTO,3,12
466,44.380614,-73.2591947,62.28,0.109999999404,AUTO,3,12
466,44.3806139,-73.2591937,62.29,0.0999999940395,AUTO,3,12
466,44.3806138,-73.2591929,62.25,0.42999997735,AUTO,3,12
469,44.380614,-73.259192,62.23,0.159999996424,AUTO,3,12
469,44.3806146,-73.2591925,62.26,0.479999989271,AUTO,3,11
469,44.3806153,-73.2591936,62.27,0.189999997616,AUTO,3,11
469,44.3806152,-73.2591933,62.17,0.209999993443,AUTO,3,11
470,44.3806151,-73.2591919,62.19,0.479999989271,AUTO,3,11
470,44.3806144,-73.2591913,62.24,0.0999999940395,AUTO,3,12
470,44.380614,-73.2591919,62.22,0.0799999982119,AUTO,3,12
468,44.3806146,-73.2591923,62.23,0.209999993443,AUTO,4,12
468,44.3806159,-73.2591905,62.35,0.299999982119,AUTO,4,11
468,44.3806186,-73.2591878,62.91,0.289999991655,AUTO,4,11
468,44.3806201,-73.2591874,63.56,0.539999961853,AUTO,4,12
469,44.3806212,-73.2591885,64.37,0.52999997139,AUTO,4,12
469,44.3806209,-73.2591907,65.3,0.449999988079,AUTO,4,11
469,44.3806189,-73.2591926,66.28,0.649999976158,AUTO,4,11
469,44.3806165,-73.2591953,67.95,0.489999979734,AUTO,4,12
466,44.3806156,-73.2591964,69.11,0.289999991655,AUTO,4,12
466,44.380615,-73.2591969,70.3,0.289999991655,AUTO,4,12
466,44.3806142,-73.2591967,71.51,0.389999985695,AUTO,4,12
466,44.3806131,-73.259196,72.8,0.489999979734,AUTO,4,12
466,44.3806128,-73.2591951,73.95,0.269999980927,AUTO,4,12
466,44.3806128,-73.2591922,75.76,0.379999995232,AUTO,4,12
466,44.3806126,-73.2591912,76.9,0.370000004768,AUTO,4,12
462,44.3806133,-73.2591915,78.09,0.459999978542,AUTO,4,12
462,44.3806143,-73.2591925,79.29,0.310000002384,AUTO,4,12
462,44.3806154,-73.259193,80.5,0.129999995232,AUTO,4,12
462,44.3806154,-73.259192,81.71,0.109999999404,AUTO,4,12
461,44.380615,-73.2591923,82.88,0.329999983311,AUTO,4,12
461,44.3806148,-73.2591939,84.57,0.109999999404,AUTO,4,12
461,44.3806153,-73.2591941,85.77,0.0299999993294,AUTO,4,12
461,44.3806156,-73.259194,86.95,0.34999999404,AUTO,4,12
459,44.3806163,-73.2591941,88.25,0.0799999982119,AUTO,4,12
459,44.380617,-73.259194,89.36,0.140000000596,AUTO,4,12
459,44.3806158,-73.2591938,90.59,0.699999988079,AUTO,4,12
459,44.3806135,-73.2591936,91.81,0.759999990463,AUTO,4,12
458,44.3806138,-73.2591938,93.0,0.269999980927,AUTO,4,12
458,44.3806145,-73.2591917,94.71,0.219999998808,AUTO,4,12
458,44.3806137,-73.2591905,95.68,0.129999995232,AUTO,4,12
460,44.3806123,-73.2591903,96.37,0.52999997139,AUTO,4,11
460,44.3806107,-73.2591905,96.8,0.819999992847,AUTO,4,12
460,44.3806108,-73.2591906,97.03,0.209999993443,AUTO,4,12
460,44.3806125,-73.2591907,97.16,0.25,AUTO,4,12
459,44.3806141,-73.2591908,97.23,0.439999997616,AUTO,4,12
459,44.3806158,-73.2591907,97.25,0.469999998808,AUTO,4,12
459,44.3806174,-73.2591907,97.27,0.319999992847,AUTO,4,11
459,44.3806183,-73.2591917,97.27,1.22000002861,AUTO,4,11
462,44.3806168,-73.2591933,97.22,0.729999959469,AUTO,4,12
462,44.3806168,-73.2591935,97.22,0.129999995232,AUTO,4,12
462,44.3806168,-73.259193,97.21,0.109999999404,AUTO,4,12
462,44.380616,-73.2591928,97.22,0.469999998808,AUTO,4,12
464,44.3806147,-73.2591939,97.22,0.269999980927,AUTO,4,12
464,44.3806138,-73.2591938,97.26,0.259999990463,AUTO,4,12
464,44.3806131,-73.2591924,97.24,0.319999992847,AUTO,4,12
462,44.3806132,-73.2591919,97.23,0.34999999404,AUTO,4,12
462,44.3806141,-73.2591912,97.24,0.0999999940395,AUTO,4,12
462,44.3806152,-73.2591912,97.27,0.219999998808,AUTO,4,12
462,44.3806153,-73.2591918,97.25,0.359999984503,AUTO,4,12
464,44.3806155,-73.2591937,97.27,0.329999983311,AUTO,4,12
464,44.3806156,-73.2591948,97.28,0.0999999940395,AUTO,4,12
464,44.3806154,-73.2591941,97.3,0.170000001788,AUTO,4,12
464,44.3806148,-73.2591925,97.3,0.439999997616,AUTO,4,12
465,44.380614,-73.2591911,97.33,0.219999998808,AUTO,4,12
465,44.3806137,-73.2591905,97.39,0.34999999404,AUTO,4,12
465,44.3806141,-73.2591895,97.41,0.25,AUTO,4,12
465,44.3806153,-73.2591895,97.41,0.149999991059,AUTO,4,12
465,44.3806164,-73.2591902,97.42,0.070000000298,AUTO,4,12
465,44.3806165,-73.2591913,97.43,0.340000003576,AUTO,4,12
465,44.3806164,-73.2591923,97.38,0.070000000298,AUTO,4,12
466,44.3806164,-73.2591936,97.32,0.269999980927,AUTO,4,11
466,44.3806163,-73.2591946,97.27,0.370000004768,AUTO,4,11
466,44.3806155,-73.2591957,97.24,0.409999996424,AUTO,4,11
466,44.3806134,-73.2591953,97.28,0.319999992847,AUTO,4,12
467,44.3806125,-73.2591938,97.29,0.419999986887,AUTO,4,12
467,44.380612,-73.2591928,97.26,0.189999997616,AUTO,4,12
467,44.3806127,-73.2591928,97.28,0.359999984503,AUTO,4,12
467,44.3806131,-73.2591932,97.32,0.159999996424,AUTO,4,12
471,44.3806134,-73.2591933,97.33,0.299999982119,AUTO,4,12
471,44.3806145,-73.2591932,97.35,0.359999984503,AUTO,4,12
471,44.3806157,-73.2591929,97.36,0.509999990463,AUTO,4,11
471,44.3806161,-73.2591933,97.37,0.109999999404,AUTO,4,11
474,44.3806156,-73.2591937,97.39,0.199999988079,AUTO,4,11
474,44.3806152,-73.2591935,97.42,0.170000001788,AUTO,4,11
474,44.380615,-73.2591931,97.43,0.129999995232,AUTO,4,11
477,44.3806149,-73.2591927,97.44,0.0299999993294,AUTO,4,11
477,44.380615,-73.2591924,97.46,0.219999998808,AUTO,4,12
477,44.3806143,-73.2591917,97.45,0.0999999940395,AUTO,4,12
477,44.3806133,-73.2591914,97.46,0.149999991059,AUTO,4,12
474,44.3806128,-73.2591921,97.45,0.129999995232,AUTO,4,12
474,44.3806132,-73.2591927,97.47,0.439999997616,AUTO,4,12
474,44.3806138,-73.2591928,97.45,0.299999982119,AUTO,4,12
474,44.3806147,-73.2591924,97.43,0.199999988079,AUTO,4,12
472,44.3806154,-73.2591917,97.41,0.25,AUTO,4,12
472,44.3806156,-73.2591919,97.39,0.189999997616,AUTO,4,12
472,44.3806146,-73.2591934,97.33,0.269999980927,AUTO,4,11
472,44.3806149,-73.2591945,97.33,0.259999990463,AUTO,4,11
476,44.3806162,-73.2591952,97.52,0.489999979734,AUTO,4,12
476,44.3806174,-73.2591928,97.92,0.229999989271,AUTO,4,12
476,44.3806174,-73.25919,98.46,0.389999985695,AUTO,4,12
479,44.3806178,-73.2591868,99.26,0.599999964237,AUTO,4,12
479,44.3806172,-73.2591838,100.76,0.259999990463,AUTO,4,12
479,44.3806148,-73.2591843,101.8,1.02999997139,AUTO,4,12
479,44.3806153,-73.2591857,102.88,0.52999997139,AUTO,4,12
479,44.3806176,-73.2591857,104.06,0.269999980927,AUTO,4,12
479,44.3806185,-73.2591858,105.31,0.070000000298,AUTO,4,12
479,44.3806179,-73.2591875,106.54,0.289999991655,AUTO,4,12
479,44.3806167,-73.2591896,107.79,0.589999973774,AUTO,4,12
479,44.3806154,-73.2591913,108.93,0.649999976158,AUTO,4,12
479,44.3806154,-73.2591916,110.14,0.219999998808,AUTO,4,12
479,44.3806146,-73.2591919,111.94,0.229999989271,AUTO,4,12
479,44.3806141,-73.2591925,113.16,0.189999997616,AUTO,4,12
480,44.3806139,-73.2591934,114.4,0.219999998808,AUTO,4,12
480,44.380613,-73.2591934,115.67,0.379999995232,AUTO,4,12
480,44.3806122,-73.2591927,116.88,0.289999991655,AUTO,4,12
479,44.3806119,-73.2591921,118.02,0.149999991059,AUTO,4,12
479,44.3806131,-73.2591916,119.22,0.539999961853,AUTO,4,12
479,44.3806143,-73.2591904,120.98,0.319999992847,AUTO,4,12
479,44.3806146,-73.2591905,122.12,0.209999993443,AUTO,4,12
478,44.3806155,-73.2591914,123.24,0.239999994636,AUTO,4,12
478,44.3806163,-73.2591923,124.36,0.509999990463,AUTO,4,12
478,44.380617,-73.2591936,125.54,0.409999996424,AUTO,4,12
478,44.3806167,-73.2591947,126.67,0.179999992251,AUTO,4,12
478,44.3806148,-73.2591944,128.48,0.239999994636,AUTO,4,12
478,44.3806135,-73.2591946,129.77,0.299999982119,AUTO,4,12
478,44.3806125,-73.2591954,130.9,0.119999997318,AUTO,4,12
478,44.3806126,-73.2591958,132.13,0.25,AUTO,4,12
475,44.3806134,-73.2591952,133.31,0.329999983311,AUTO,4,12
475,44.3806135,-73.2591945,134.48,0.439999997616,AUTO,4,12
475,44.3806134,-73.2591934,135.65,0.179999992251,AUTO,4,12
474,44.3806125,-73.259193,136.9,0.140000000596,AUTO,4,12
474,44.3806123,-73.2591935,138.12,0.259999990463,AUTO,4,12
474,44.3806134,-73.2591936,139.27,0.52999997139,AUTO,4,12
474,44.3806144,-73.2591928,141.05,0.149999991059,AUTO,4,11
473,44.3806143,-73.2591928,141.65,0.0799999982119,AUTO,4,12
473,44.3806129,-73.259193,143.46,0.140000000596,AUTO,4,12
473,44.3806125,-73.2591929,144.52,0.0999999940395,AUTO,4,12
473,44.3806122,-73.2591933,145.48,0.199999988079,AUTO,4,12
471,44.3806125,-73.2591953,146.26,0.459999978542,AUTO,4,12
471,44.3806129,-73.2591981,146.73,0.649999976158,AUTO,4,12
471,44.3806134,-73.2592001,147.03,0.209999993443,AUTO,4,12
471,44.380613,-73.2592001,147.21,0.269999980927,AUTO,4,12
468,44.3806123,-73.2591986,147.2,0.269999980927,AUTO,4,11
468,44.3806118,-73.2591962,147.2,0.469999998808,AUTO,4,12
468,44.3806114,-73.2591939,147.22,0.370000004768,AUTO,4,12
467,44.3806108,-73.2591918,147.22,0.310000002384,AUTO,4,12
467,44.3806112,-73.2591911,147.25,0.0899999961257,AUTO,4,12
467,44.3806112,-73.2591914,147.35,0.129999995232,AUTO,4,12
467,44.3806111,-73.2591921,147.37,0.42999997735,AUTO,4,12
468,44.3806118,-73.2591928,147.39,0.560000002384,AUTO,4,12
468,44.3806123,-73.2591931,147.43,0.119999997318,AUTO,4,12
468,44.3806125,-73.2591938,147.47,0.219999998808,AUTO,4,12
468,44.3806129,-73.259195,147.46,0.199999988079,AUTO,4,12
467,44.3806131,-73.2591952,147.45,0.0999999940395,AUTO,4,12
467,44.3806129,-73.2591947,147.42,0.229999989271,AUTO,4,12
467,44.3806127,-73.2591938,147.37,0.239999994636,AUTO,4,12
467,44.3806129,-73.2591929,147.29,0.189999997616,AUTO,4,12
467,44.3806127,-73.2591912,147.3,0.109999999404,AUTO,4,12
467,44.3806122,-73.2591915,147.33,0.0899999961257,AUTO,4,12
467,44.3806129,-73.2591928,147.36,0.449999988079,AUTO,4,12
466,44.3806135,-73.2591946,147.42,0.229999989271,AUTO,4,12
466,44.3806132,-73.2591955,147.42,0.219999998808,AUTO,4,12
466,44.380613,-73.2591951,147.39,0.129999995232,AUTO,4,12
466,44.3806124,-73.2591941,147.39,0.219999998808,AUTO,4,12
466,44.380612,-73.2591934,147.43,0.0499999970198,AUTO,4,12
466,44.3806116,-73.2591943,147.46,0.209999993443,AUTO,4,12
466,44.3806116,-73.2591958,147.42,0.310000002384,AUTO,4,12
466,44.3806121,-73.259196,147.39,0.149999991059,AUTO,4,12
465,44.3806122,-73.2591951,147.38,0.319999992847,AUTO,4,12
465,44.3806121,-73.2591942,147.38,0.179999992251,AUTO,4,12
465,44.3806123,-73.2591938,147.34,0.170000001788,AUTO,4,12
465,44.3806126,-73.2591932,147.33,0.0499999970198,AUTO,4,12
465,44.3806127,-73.2591923,147.34,0.319999992847,AUTO,4,12
465,44.3806137,-73.2591922,147.27,0.129999995232,AUTO,4,12
465,44.3806143,-73.2591928,147.25,0.179999992251,AUTO,4,12
467,44.3806137,-73.2591928,147.29,0.149999991059,AUTO,4,12
467,44.3806131,-73.259193,147.26,0.259999990463,AUTO,4,12
467,44.3806126,-73.2591927,147.28,0.159999996424,AUTO,4,12
467,44.3806123,-73.2591921,147.34,0.119999997318,AUTO,4,12
466,44.3806122,-73.2591935,147.41,0.189999997616,AUTO,4,12
466,44.3806121,-73.2591943,147.45,0.219999998808,AUTO,4,12
466,44.3806119,-73.2591942,147.48,0.00999999977648,AUTO,4,12
466,44.3806116,-73.2591939,147.51,0.119999997318,AUTO,4,12
464,44.3806115,-73.259194,147.54,0.109999999404,AUTO,4,12
464,44.3806111,-73.2591946,147.56,0.209999993443,AUTO,4,12
464,44.3806108,-73.2591953,147.54,0.370000004768,AUTO,4,12
464,44.3806105,-73.2591947,147.49,0.310000002384,AUTO,4,12
463,44.3806112,-73.2591936,147.46,0.170000001788,AUTO,4,12
463,44.3806116,-73.2591932,147.39,0.070000000298,AUTO,4,12
463,44.3806116,-73.2591929,147.31,0.129999995232,AUTO,4,12
462,44.3806117,-73.2591923,147.26,0.159999996424,AUTO,4,12
462,44.3806124,-73.2591915,147.23,0.269999980927,AUTO,4,11
462,44.3806128,-73.2591909,147.26,0.25,AUTO,4,12
462,44.3806131,-73.259191,147.3,0.269999980927,AUTO,4,12
462,44.3806126,-73.259192,147.33,0.140000000596,AUTO,4,12
462,44.380614,-73.2591935,147.16,0.329999983311,AUTO,4,12
462,44.3806147,-73.2591956,146.75,0.399999976158,AUTO,4,11
462,44.380615,-73.2591975,146.08,0.469999998808,AUTO,4,11
460,44.380613,-73.2591977,145.27,0.560000002384,AUTO,4,12
460,44.380609,-73.2591955,144.56,0.930000007153,AUTO,4,12
460,44.3806057,-73.2591918,143.84,1.10000002384,AUTO,4,12
460,44.3806047,-73.2591895,143.18,0.52999997139,AUTO,4,12
461,44.3806046,-73.259187,142.34,0.310000002384,AUTO,4,12
461,44.3806056,-73.2591875,141.76,1.19999992847,AUTO,4,12
461,44.3806059,-73.2591907,141.17,0.680000007153,AUTO,4,11
462,44.3806064,-73.2591933,140.57,0.680000007153,AUTO,4,11
462,44.3806078,-73.2591963,139.89,0.589999973774,AUTO,4,11
462,44.3806101,-73.2591998,139.22,1.05999994278,AUTO,4,11
462,44.3806123,-73.2592017,138.52,0.680000007153,AUTO,4,11
462,44.3806123,-73.2592022,137.8,0.269999980927,AUTO,4,11
462,44.3806125,-73.2592025,137.02,0.109999999404,AUTO,4,11
462,44.3806142,-73.2592021,135.91,0.329999983311,AUTO,4,11
462,44.3806148,-73.2592,135.18,0.439999997616,AUTO,4,12
461,44.3806146,-73.2591971,134.53,0.5,AUTO,4,12
461,44.3806141,-73.2591955,133.86,0.569999992847,AUTO,4,12
461,44.3806143,-73.259195,133.26,0.119999997318,AUTO,4,11
461,44.3806153,-73.2591949,132.62,0.269999980927,AUTO,4,12
461,44.3806141,-73.259193,131.56,0.0599999986589,AUTO,4,12
461,44.380613,-73.2591922,131.19,0.610000014305,AUTO,4,12
461,44.3806101,-73.2591912,130.44,0.589999973774,AUTO,4,12
461,44.380608,-73.2591905,129.39,0.52999997139,AUTO,4,12
461,44.3806075,-73.2591904,128.74,0.280000001192,AUTO,4,11
461,44.3806078,-73.2591903,128.11,0.42999997735,AUTO,4,11
461,44.3806091,-73.2591911,127.43,0.0799999982119,AUTO,4,11
461,44.3806094,-73.2591926,126.82,0.319999992847,AUTO,4,11
461,44.3806103,-73.2591937,126.19,0.399999976158,AUTO,4,11
461,44.3806114,-73.259195,125.54,0.239999994636,AUTO,4,11
461,44.3806114,-73.259196,124.53,0.070000000298,AUTO,4,11
461,44.3806117,-73.2591966,123.87,0.340000003576,AUTO,4,11
461,44.3806119,-73.259197,123.2,0.170000001788,AUTO,4,11
461,44.3806122,-73.2591968,122.52,0.280000001192,AUTO,4,11
461,44.380613,-73.2591969,121.77,0.269999980927,AUTO,4,11
461,44.3806128,-73.2591968,120.8,0.070000000298,AUTO,4,11
461,44.3806132,-73.2591967,120.09,0.199999988079,AUTO,4,11
461,44.3806127,-73.2591967,119.33,0.310000002384,AUTO,4,11
461,44.3806115,-73.2591961,118.63,0.419999986887,AUTO,4,11
461,44.3806104,-73.2591958,117.92,0.289999991655,AUTO,4,11
461,44.3806101,-73.2591951,117.28,0.299999982119,AUTO,4,11
461,44.3806098,-73.2591953,116.64,0.219999998808,AUTO,4,11
461,44.3806099,-73.2591958,116.0,0.149999991059,AUTO,4,11
461,44.3806102,-73.2591959,115.39,0.280000001192,AUTO,4,11
461,44.3806098,-73.2591968,114.53,0.319999992847,AUTO,4,11
461,44.3806108,-73.2591984,113.96,0.439999997616,AUTO,4,11
458,44.3806126,-73.2591992,113.34,0.459999978542,AUTO,4,11
458,44.3806135,-73.2591985,112.65,0.0999999940395,AUTO,4,11
458,44.3806132,-73.2591979,111.98,0.319999992847,AUTO,4,11
458,44.3806129,-73.2591982,111.3,0.239999994636,AUTO,4,11
459,44.3806132,-73.2591989,110.62,0.149999991059,AUTO,4,11
459,44.380613,-73.2591987,109.56,0.0399999991059,AUTO,4,11
459,44.3806127,-73.2591982,108.87,0.0999999940395,AUTO,4,10
460,44.3806125,-73.2591985,108.18,0.229999989271,AUTO,4,10
460,44.3806124,-73.2591999,107.52,0.0799999982119,AUTO,4,11
460,44.3806125,-73.2592,106.87,0.329999983311,AUTO,4,11
460,44.3806125,-73.2592,106.02,0.129999995232,AUTO,4,10
459,44.3806123,-73.2592014,105.39,0.439999997616,AUTO,4,10
459,44.3806126,-73.2592028,104.76,0.129999995232,AUTO,4,10
459,44.3806129,-73.2592041,104.12,0.0799999982119,AUTO,4,10
459,44.3806132,-73.2592045,103.51,0.070000000298,AUTO,4,10
458,44.3806141,-73.2592036,102.84,0.589999973774,AUTO,4,10
458,44.3806151,-73.2592011,102.09,0.419999986887,AUTO,4,11
458,44.3806157,-73.2591995,101.35,0.419999986887,AUTO,4,11
458,44.3806152,-73.2591984,100.26,0.370000004768,AUTO,4,10
460,44.3806148,-73.2591971,99.58,0.399999976158,AUTO,4,11
460,44.380614,-73.2591959,98.96,0.489999979734,AUTO,4,11
460,44.3806136,-73.2591956,98.41,0.370000004768,AUTO,4,11
460,44.3806128,-73.2591963,98.01,0.5,AUTO,4,11
460,44.3806117,-73.2591978,97.71,0.389999985695,AUTO,4,11
460,44.3806105,-73.2591976,97.53,0.140000000596,AUTO,4,11
460,44.3806107,-73.259197,97.4,0.219999998808,AUTO,4,11
460,44.3806122,-73.2591968,97.36,0.00999999977648,AUTO,4,11
460,44.3806137,-73.2591965,97.37,0.209999993443,AUTO,4,11
460,44.3806148,-73.259197,97.39,0.299999982119,AUTO,4,11
460,44.3806156,-73.2591974,97.44,0.0999999940395,AUTO,4,11
460,44.3806156,-73.259197,97.44,0.370000004768,AUTO,4,11
460,44.3806151,-73.2591962,97.45,0.34999999404,AUTO,4,11
460,44.3806144,-73.2591966,97.47,0.449999988079,AUTO,4,11
460,44.380614,-73.2591976,97.52,0.42999997735,AUTO,4,11
459,44.3806135,-73.2591986,97.49,0.0999999940395,AUTO,4,11
459,44.3806126,-73.2591997,97.49,0.280000001192,AUTO,4,11
459,44.3806123,-73.2592009,97.51,0.269999980927,AUTO,4,11
459,44.3806127,-73.2592019,97.52,0.189999997616,AUTO,4,11
459,44.3806125,-73.2592025,97.47,0.199999988079,AUTO,4,11
459,44.3806116,-73.2592032,97.37,0.289999991655,AUTO,4,11
459,44.3806106,-73.2592046,97.34,0.469999998808,AUTO,4,11
458,44.3806102,-73.2592059,97.33,0.289999991655,AUTO,4,10
458,44.3806107,-73.2592062,97.33,0.319999992847,AUTO,4,10
458,44.3806122,-73.2592059,97.33,0.259999990463,AUTO,4,10
458,44.3806132,-73.2592053,97.28,0.149999991059,AUTO,4,10
458,44.3806134,-73.2592052,97.24,0.379999995232,AUTO,4,10
458,44.3806128,-73.2592046,97.24,0.269999980927,AUTO,4,10
458,44.3806124,-73.2592036,97.21,0.0799999982119,AUTO,4,10
458,44.3806122,-73.2592028,97.2,0.299999982119,AUTO,4,10
458,44.3806107,-73.2592029,97.23,0.699999988079,AUTO,4,11
458,44.3806095,-73.2592034,97.27,0.419999986887,AUTO,4,11
458,44.3806087,-73.2592032,97.26,0.489999979734,AUTO,4,11
457,44.3806071,-73.2592032,97.26,0.370000004768,AUTO,4,11
457,44.3806063,-73.2592044,97.21,0.42999997735,AUTO,4,11
457,44.3806071,-73.2592057,97.12,0.459999978542,AUTO,4,11
457,44.380607,-73.2592047,96.72,0.599999964237,AUTO,4,11
457,44.3806064,-73.2592037,96.0,0.42999997735,AUTO,4,11
457,44.3806041,-73.2592044,94.35,0.229999989271,AUTO,4,11
457,44.3806032,-73.259203,92.71,0.399999976158,AUTO,4,11
457,44.3806057,-73.2591989,90.9,0.889999985695,AUTO,4,11
460,44.3806121,-73.2591984,89.02,1.33999991417,AUTO,4,11
460,44.3806191,-73.2592069,86.96,1.7199999094,AUTO,4,11
460,44.3806225,-73.259218,84.27,1.95999991894,AUTO,4,11
460,44.3806241,-73.259224,80.93,1.18999993801,AUTO,4,11
459,44.3806232,-73.2592235,77.42,0.539999961853,AUTO,4,11
459,44.3806195,-73.2592181,73.86,1.93999993801,AUTO,4,11
459,44.3806131,-73.2592038,68.02,1.90999996662,AUTO,4,11
460,44.3806087,-73.259197,63.71,1.59999990463,AUTO,4,11
460,44.3806066,-73.2591936,59.16,1.09000003338,AUTO,4,11
460,44.3806074,-73.2591928,55.0,0.329999983311,AUTO,4,11
460,44.3806047,-73.2591917,50.61,0.620000004768,AUTO,4,11
462,44.3806029,-73.2591885,47.22,0.389999985695,AUTO,4,11
462,44.3806022,-73.2591828,44.22,2.97000002861,AUTO,4,11
462,44.3806094,-73.2591769,42.43,2.14999985695,AUTO,4,11
462,44.3806189,-73.2591663,41.28,3.33999991417,AUTO,4,11
464,44.3806306,-73.259148,40.62,3.47000002861,AUTO,4,10
464,44.3806427,-73.2591291,40.36,2.87999987602,AUTO,4,11
464,44.3806655,-73.2591022,40.48,3.38999986649,AUTO,4,11
464,44.3806724,-73.2591053,47.24,0.379999995232,AUTO,4,10
464,44.3806696,-73.2591033,47.06,0.34999999404,AUTO,4,11
464,44.3806668,-73.2591033,46.9,0.370000004768,AUTO,4,11
464,44.3806613,-73.2591023,46.84,0.459999978542,AUTO,4,9
465,44.3806577,-73.2591049,46.79,0.25,AUTO,4,9
465,44.3806534,-73.2591067,46.81,0.370000004768,AUTO,4,9
465,44.3806517,-73.2591084,46.82,0.219999998808,AUTO,4,9
465,44.3806499,-73.2591103,46.82,0.149999991059,AUTO,4,9
465,44.3806451,-73.2591134,46.87,0.0399999991059,AUTO,4,9
465,44.3806423,-73.2591148,46.86,0.0999999940395,AUTO,4,9
465,44.3806401,-73.259117,46.89,0.070000000298,AUTO,4,9
465,44.3806375,-73.2591171,46.88,0.140000000596,AUTO,4,8
464,44.3806348,-73.2591196,46.91,0.140000000596,AUTO,4,9
464,44.3806331,-73.2591213,46.92,0.170000001788,AUTO,4,9
464,44.3806308,-73.2591231,46.93,0.0299999993294,AUTO,4,9
464,44.3806294,-73.2591238,46.91,0.070000000298,AUTO,4,9
463,44.3806278,-73.2591258,46.93,0.280000001192,AUTO,4,9
463,44.3806262,-73.2591267,46.95,0.239999994636,AUTO,4,9
463,44.3806237,-73.2591284,46.94,0.0599999986589,AUTO,4,9
463,44.3806231,-73.2591304,46.95,0.149999991059,AUTO,4,9
463,44.3806229,-73.2591315,46.94,0.159999996424,AUTO,4,9
463,44.3806218,-73.2591336,46.94,0.170000001788,AUTO,4,9
463,44.3806208,-73.259136,46.93,0.189999997616,AUTO,4,9
463,44.3806191,-73.2591369,46.94,0.259999990463,AUTO,4,9
463,44.3806186,-73.2591382,46.94,0.310000002384,AUTO,4,9
463,44.3806178,-73.2591394,46.94,0.189999997616,AUTO,4,9
463,44.380617,-73.259141,46.95,0.149999991059,AUTO,4,9
463,44.3806159,-73.259142,46.94,0.070000000298,AUTO,4,9
463,44.3806132,-73.2591421,46.93,0.140000000596,AUTO,4,9
463,44.380612,-73.2591439,46.93,0.119999997318,AUTO,4,9
463,44.3806106,-73.2591442,46.94,0.070000000298,AUTO,4,9
463,44.3806104,-73.2591461,46.94,0.310000002384,AUTO,4,9
463,44.3806086,-73.2591486,46.94,0.370000004768,AUTO,4,9
463,44.380608,-73.2591492,46.92,0.0799999982119,AUTO,4,9
463,44.3806062,-73.2591499,46.93,0.0999999940395,AUTO,4,9
463,44.3806058,-73.2591506,46.94,0.239999994636,AUTO,4,9
463,44.3806043,-73.2591515,46.93,0.319999992847,AUTO,4,9
463,44.380603,-73.2591521,46.93,0.119999997318,AUTO,4,9
463,44.3806016,-73.2591539,46.91,0.140000000596,AUTO,4,9
463,44.3806014,-73.2591559,46.92,0.459999978542,AUTO,4,9
463,44.3806005,-73.2591559,46.92,0.229999989271,AUTO,4,9
463,44.3805993,-73.2591572,46.92,0.0999999940395,AUTO,4,9
463,44.3805995,-73.2591578,46.95,0.109999999404,AUTO,4,9
463,44.3806005,-73.2591585,46.95,0.25,AUTO,4,9
463,44.3806006,-73.259159,46.96,0.159999996424,AUTO,4,9
463,44.3806014,-73.2591605,46.95,0.129999995232,AUTO,4,9
463,44.3806014,-73.259161,46.97,0.170000001788,AUTO,4,9
463,44.3806014,-73.2591617,46.96,0.310000002384,AUTO,4,9
463,44.3806013,-73.2591624,46.97,0.0299999993294,AUTO,4,9
463,44.3806018,-73.2591632,46.95,0.140000000596,AUTO,4,9
463,44.3806021,-73.2591637,46.95,0.289999991655,AUTO,4,9
463,44.3806016,-73.2591642,46.95,0.140000000596,AUTO,4,9
463,44.3806014,-73.2591647,46.92,0.170000001788,AUTO,4,9
463,44.3806015,-73.2591659,46.91,0.219999998808,AUTO,4,9
463,44.3806017,-73.2591665,46.89,0.319999992847,AUTO,4,9
463,44.3806025,-73.2591685,46.92,0.199999988079,AUTO,4,9
463,44.3806026,-73.2591696,46.93,0.299999982119,AUTO,4,9
464,44.3806025,-73.2591708,46.92,0.140000000596,AUTO,4,9
464,44.3806034,-73.259171,46.93,0.539999961853,AUTO,4,9
464,44.3806045,-73.2591726,46.92,0.229999989271,AUTO,4,9
464,44.3806032,-73.2591719,46.93,0.170000001788,AUTO,4,9
464,44.3806035,-73.2591726,46.94,0.319999992847,AUTO,4,10
464,44.3806023,-73.2591731,46.95,0.259999990463,AUTO,4,9
464,44.380602,-73.2591745,46.93,0.399999976158,AUTO,4,9
464,44.3806006,-73.2591756,46.99,0.239999994636,AUTO,4,9
464,44.380601,-73.2591758,46.96,0.239999994636,AUTO,4,9
464,44.3806005,-73.2591762,47.02,0.159999996424,AUTO,4,9
464,44.3806007,-73.259177,47.06,0.129999995232,AUTO,4,9
464,44.3806008,-73.2591777,47.12,0.769999980927,AUTO,4,9
464,44.3806002,-73.2591774,47.37,0.42999997735,AUTO,4,9
464,44.3805976,-73.2591773,47.68,0.620000004768,AUTO,4,10
464,44.3805954,-73.2591772,47.8,0.0799999982119,AUTO,4,10
464,44.3805939,-73.259177,47.79,0.34999999404,AUTO,4,10
464,44.380589,-73.2591794,47.84,0.569999992847,AUTO,4,10
464,44.3805882,-73.2591804,47.83,0.149999991059,AUTO,4,9
464,44.3805875,-73.259181,47.82,0.209999993443,AUTO,4,9
465,44.3805873,-73.2591813,47.84,0.070000000298,AUTO,4,9
465,44.3805868,-73.259182,47.83,0.140000000596,AUTO,4,9
465,44.3805876,-73.2591825,47.82,0.0499999970198,AUTO,4,9
466,44.3805877,-73.2591829,47.82,0.769999980927,AUTO,4,9
466,44.3805893,-73.2591832,47.81,0.0999999940395,AUTO,4,9
466,44.380589,-73.2591833,47.79,0.319999992847,AUTO,4,9
466,44.3805923,-73.2591839,47.78,0.589999973774,AUTO,4,10
470,44.3805932,-73.2591832,47.78,0.170000001788,AUTO,4,10
470,44.3805929,-73.2591837,47.85,0.359999984503,AUTO,4,10
470,44.3805914,-73.2591848,47.94,0.289999991655,AUTO,4,10
470,44.3805921,-73.2591853,47.97,0.329999983311,AUTO,4,10
470,44.3805922,-73.2591861,47.99,0.25,AUTO,4,9
470,44.3805925,-73.2591876,48.0,0.0999999940395,AUTO,4,9
470,44.3805928,-73.2591897,47.94,0.219999998808,AUTO,4,9
470,44.3805916,-73.2591872,47.83,0.709999978542,AUTO,4,9
470,44.3805893,-73.2591829,47.79,0.409999996424,AUTO,4,9
470,44.3805919,-73.2591782,47.64,0.539999961853,AUTO,4,9
470,44.3805884,-73.2591734,47.67,0.379999995232,AUTO,4,9
472,44.3805868,-73.2591713,47.71,0.659999966621,AUTO,4,9
472,44.380582,-73.2591646,47.8,0.959999978542,AUTO,4,9
472,44.3805802,-73.2591625,47.7,1.0,AUTO,4,9
472,44.3805772,-73.2591566,47.7,0.949999988079,AUTO,4,9
470,44.380576,-73.2591528,47.71,0.969999969006,AUTO,4,9
470,44.3805746,-73.2591491,47.63,1.25,AUTO,4,9
470,44.3805739,-73.2591424,47.66,0.909999966621,AUTO,4,9
470,44.3805712,-73.2591322,47.7,1.09000003338,AUTO,4,8
471,44.3805707,-73.2591271,47.73,0.919999957085,AUTO,4,8
471,44.3805678,-73.2591219,47.75,1.31999993324,AUTO,4,8
471,44.3805655,-73.2591135,47.69,1.14999997616,AUTO,4,8
471,44.3805637,-73.2591053,47.72,1.29999995232,AUTO,4,9
472,44.3805619,-73.2590954,47.71,1.22000002861,AUTO,4,9
472,44.3805596,-73.2590888,47.7,1.06999993324,AUTO,4,9
472,44.3805563,-73.2590799,47.71,1.23000001907,AUTO,4,9
471,44.3805553,-73.2590739,47.73,1.10000002384,AUTO,4,9
471,44.3805498,-73.2590616,47.72,1.12999999523,AUTO,4,9
471,44.380549,-73.2590569,47.73,1.09000003338,AUTO,4,9
471,44.3805478,-73.2590512,47.68,1.26999998093,AUTO,4,9
471,44.3805471,-73.2590429,47.66,1.05999994278,AUTO,4,9
471,44.3805462,-73.2590375,47.68,0.969999969006,AUTO,4,8
471,44.3805425,-73.2590273,47.65,1.03999996185,AUTO,4,8
471,44.3805408,-73.2590222,47.66,0.849999964237,AUTO,4,8
472,44.3805387,-73.2590136,47.65,1.38999998569,AUTO,4,9
472,44.380537,-73.2590072,47.67,1.25,AUTO,4,9
472,44.3805361,-73.258996,47.64,0.799999952316,AUTO,4,9
472,44.3805338,-73.2589913,47.61,0.680000007153,AUTO,4,9
473,44.3805316,-73.2589823,47.6,0.930000007153,AUTO,4,9
473,44.3805299,-73.2589768,47.6,1.17999994755,AUTO,4,9
473,44.3805269,-73.2589648,47.61,1.62000000477,AUTO,4,9
473,44.380525,-73.2589588,47.65,1.09000003338,AUTO,4,9
473,44.3805225,-73.2589527,47.62,1.20999991894,AUTO,4,9
473,44.3805207,-73.2589443,47.62,1.04999995232,AUTO,4,9
473,44.3805193,-73.2589389,47.66,0.879999995232,AUTO,4,9
473,44.3805191,-73.2589295,47.61,1.14999997616,AUTO,4,9
473,44.3805175,-73.2589234,47.67,0.719999969006,AUTO,4,9
473,44.3805166,-73.2589158,47.63,1.31999993324,AUTO,4,9
473,44.3805172,-73.2589114,47.62,1.12000000477,AUTO,4,9
474,44.3805177,-73.2589058,47.67,0.610000014305,AUTO,4,9
474,44.3805159,-73.2588966,47.64,0.879999995232,AUTO,4,9
474,44.3805151,-73.2588899,47.68,0.75,AUTO,4,9
474,44.3805132,-73.2588864,47.71,0.8599999547,AUTO,4,9
474,44.3805117,-73.2588815,47.73,0.909999966621,AUTO,4,9
474,44.3805098,-73.2588758,47.79,0.359999984503,AUTO,4,8
474,44.38051,-73.2588747,47.81,0.159999996424,AUTO,4,9
473,44.3805083,-73.2588739,47.84,0.119999997318,AUTO,4,9
473,44.3805065,-73.2588744,47.83,0.289999991655,AUTO,4,9
473,44.3805064,-73.2588758,47.8,0.0899999961257,AUTO,4,8
473,44.3805067,-73.2588771,47.8,0.119999997318,AUTO,4,8
472,44.3805061,-73.2588772,47.83,0.0999999940395,AUTO,4,9
472,44.3805053,-73.2588749,47.79,0.649999976158,AUTO,4,10
472,44.380503,-73.2588707,47.79,0.659999966621,AUTO,4,10
472,44.3804986,-73.2588632,47.67,0.919999957085,AUTO,4,9
470,44.3804976,-73.2588586,47.43,0.719999969006,AUTO,4,9
470,44.3804978,-73.2588539,47.06,0.669999957085,AUTO,4,9
470,44.3804989,-73.2588522,46.93,0.449999988079,AUTO,4,8
470,44.3804999,-73.2588521,46.89,0.159999996424,AUTO,4,9
470,44.3805001,-73.2588514,46.88,0.42999997735,AUTO,4,8
470,44.3805002,-73.258851,46.86,0.0899999961257,AUTO,4,11
470,44.3805003,-73.2588495,46.85,0.199999988079,AUTO,4,11
470,44.3804987,-73.2588466,46.86,0.649999976158,AUTO,4,11
470,44.3804969,-73.2588439,46.87,0.209999993443,AUTO,4,11
470,44.3804964,-73.2588447,46.87,0.25,AUTO,4,11
470,44.3804959,-73.2588452,46.85,0.519999980927,AUTO,4,11
470,44.3804948,-73.2588449,46.83,0.119999997318,AUTO,4,11
470,44.3804922,-73.2588451,46.84,0.0399999991059,AUTO,4,10
470,44.3804912,-73.2588455,46.83,0.149999991059,AUTO,4,10
470,44.3804946,-73.2588471,46.83,0.109999999404,AUTO,4,10
470,44.3804948,-73.2588476,46.82,0.179999992251,AUTO,4,9
470,44.3804955,-73.2588474,46.82,0.070000000298,AUTO,4,9
470,44.3804973,-73.2588484,46.81,0.0599999986589,AUTO,4,9
470,44.3804996,-73.2588481,46.8,0.310000002384,AUTO,4,9
469,44.380501,-73.2588494,46.8,0.199999988079,AUTO,4,9
469,44.3805023,-73.2588502,46.78,0.0899999961257,AUTO,4,9
469,44.3805025,-73.2588508,46.78,0.070000000298,AUTO,4,10
469,44.380504,-73.2588507,46.78,0.119999997318,AUTO,4,10
469,44.380504,-73.258851,46.8,0.0999999940395,AUTO,4,10
469,44.3805034,-73.2588516,46.79,0.199999988079,AUTO,4,9
469,44.3805031,-73.2588514,46.79,0.299999982119,AUTO,4,9
469,44.3805022,-73.2588515,46.77,0.0799999982119,AUTO,4,9
469,44.380503,-73.2588512,46.78,0.0499999970198,AUTO,4,9
469,44.3805023,-73.2588509,46.77,0.229999989271,AUTO,4,9
469,44.3805031,-73.2588511,46.75,0.289999991655,AUTO,4,9
469,44.3805033,-73.258851,46.74,0.329999983311,AUTO,4,9
469,44.3805033,-73.2588505,46.74,0.299999982119,AUTO,4,9
469,44.380503,-73.2588505,46.74,0.199999988079,AUTO,4,9
469,44.3805034,-73.2588505,46.71,0.159999996424,AUTO,4,9
469,44.3805016,-73.2588509,46.72,0.0999999940395,AUTO,4,9
469,44.3805012,-73.2588505,46.7,0.370000004768,AUTO,4,9
469,44.3805016,-73.2588515,46.7,0.170000001788,AUTO,4,9
468,44.3805013,-73.2588513,46.7,0.189999997616,AUTO,4,9
468,44.3805015,-73.2588513,46.69,0.439999997616,AUTO,4,9
468,44.3805013,-73.258851,46.68,0.0899999961257,AUTO,4,9
468,44.3805004,-73.25885,46.74,0.389999985695,AUTO,4,9
460,44.3805001,-73.2588499,47.02,0.319999992847,AUTO,4,9
460,44.3805015,-73.2588497,47.29,0.989999949932,AUTO,4,8
460,44.380504,-73.2588465,47.38,0.699999988079,AUTO,4,8
460,44.3805037,-73.2588441,47.4,0.42999997735,AUTO,4,8
461,44.380503,-73.2588403,47.45,0.709999978542,AUTO,4,8
461,44.3805023,-73.25884,47.46,0.259999990463,AUTO,4,8
461,44.3805014,-73.2588397,47.47,0.269999980927,AUTO,4,8
461,44.3805027,-73.2588388,47.46,0.579999983311,AUTO,4,8
460,44.3805057,-73.258837,47.51,0.539999961853,AUTO,4,8
460,44.3805054,-73.2588376,47.51,0.149999991059,AUTO,4,9
460,44.3805059,-73.2588378,47.5,0.259999990463,AUTO,4,9
460,44.3805061,-73.2588376,47.48,0.209999993443,AUTO,4,9
460,44.3805056,-73.2588373,47.48,0.25,AUTO,4,9
460,44.3805056,-73.2588362,47.48,0.209999993443,AUTO,4,9
460,44.3805052,-73.258836,47.51,0.129999995232,AUTO,4,9
459,44.3805049,-73.2588359,47.49,0.379999995232,AUTO,4,9
459,44.380505,-73.2588357,47.48,0.239999994636,AUTO,4,9
459,44.3805041,-73.2588354,47.46,0.280000001192,AUTO,4,9
459,44.3805026,-73.2588352,47.46,0.149999991059,AUTO,4,9
459,44.3805023,-73.2588353,47.45,0.159999996424,AUTO,4,9
459,44.3805032,-73.258836,47.44,0.170000001788,AUTO,4,9
459,44.3805024,-73.2588364,47.42,0.199999988079,AUTO,4,9
459,44.3805022,-73.2588371,47.45,0.239999994636,AUTO,4,9
458,44.3805015,-73.2588373,47.45,0.179999992251,AUTO,4,9
458,44.3805017,-73.2588375,47.46,0.170000001788,AUTO,4,9
458,44.3805023,-73.258837,47.47,0.259999990463,AUTO,4,9
458,44.380503,-73.258838,47.43,0.0499999970198,AUTO,4,9
458,44.3805041,-73.2588391,47.45,0.340000003576,AUTO,4,8
458,44.3805055,-73.2588396,47.41,0.149999991059,AUTO,4,7
458,44.3805052,-73.2588393,47.42,0.129999995232,AUTO,4,8
459,44.3805055,-73.2588399,47.39,0.0599999986589,AUTO,4,10
459,44.3805054,-73.2588407,47.37,0.219999998808,AUTO,4,10
459,44.3805052,-73.2588406,47.36,0.269999980927,AUTO,4,10
459,44.3805047,-73.2588409,47.35,0.359999984503,AUTO,4,10
457,44.3805049,-73.2588415,47.35,0.129999995232,AUTO,4,10
457,44.3805036,-73.2588425,47.35,0.229999989271,AUTO,4,10
457,44.3805026,-73.2588427,47.38,0.259999990463,AUTO,4,10
457,44.3805007,-73.2588414,47.35,0.370000004768,AUTO,4,9
457,44.3805011,-73.2588394,47.34,0.889999985695,AUTO,4,9
457,44.3805024,-73.2588343,47.32,0.629999995232,AUTO,4,9
457,44.3805021,-73.2588338,47.29,0.109999999404,AUTO,4,9
458,44.3805021,-73.258834,47.29,0.129999995232,AUTO,4,9
458,44.3805025,-73.2588344,47.22,0.219999998808,AUTO,4,9
458,44.380502,-73.2588348,46.91,0.199999988079,AUTO,4,8
458,44.3805014,-73.2588359,46.79,0.359999984503,AUTO,4,8
459,44.3805027,-73.2588373,46.81,0.439999997616,AUTO,4,8
459,44.3805018,-73.2588384,46.71,0.179999992251,AUTO,4,9
459,44.3805006,-73.2588374,46.67,0.259999990463,AUTO,4,9
459,44.3805015,-73.2588372,46.75,0.269999980927,AUTO,4,9
459,44.3805004,-73.258836,46.68,0.229999989271,AUTO,4,9
459,44.3804998,-73.2588349,46.6,0.340000003576,AUTO,4,9
459,44.3804995,-73.2588341,46.66,0.299999982119,AUTO,4,9
459,44.3804983,-73.2588331,46.55,0.189999997616,AUTO,4,9
459,44.3804981,-73.2588323,46.63,0.329999983311,AUTO,4,9
459,44.3804992,-73.2588319,46.57,0.269999980927,AUTO,4,9
459,44.3805,-73.2588319,46.57,0.399999976158,AUTO,4,9
459,44.3805,-73.2588327,46.57,0.389999985695,AUTO,4,9
459,44.3805007,-73.2588332,46.69,0.170000001788,AUTO,4,10
459,44.3805004,-73.2588329,46.83,0.0999999940395,AUTO,4,9
459,44.3805004,-73.2588312,46.59,0.42999997735,AUTO,4,10
460,44.3805,-73.2588322,46.55,0.310000002384,AUTO,4,10
460,44.3804999,-73.2588331,46.53,0.0299999993294,AUTO,4,10
460,44.3804996,-73.2588332,46.52,0.299999982119,AUTO,4,9
460,44.3805006,-73.2588324,46.54,0.25,AUTO,4,9
460,44.3805018,-73.2588332,46.55,0.0899999961257,AUTO,4,9
460,44.3805032,-73.2588343,46.57,0.179999992251,AUTO,4,9
460,44.3805028,-73.2588368,46.58,0.289999991655,AUTO,4,9
65535,44.3805041,-73.2588404,46.58,0.229999989271,AUTO,4,9
461,44.3805035,-73.2588407,46.57,0.129999995232,AUTO,4,9
461,44.3805024,-73.2588394,46.57,0.149999991059,AUTO,4,9
461,44.3805018,-73.2588396,46.59,0.239999994636,AUTO,4,9
462,44.3805018,-73.2588394,46.59,0.149999991059,AUTO,4,9
462,44.3805006,-73.2588398,46.58,0.170000001788,AUTO,4,9
462,44.3805016,-73.258841,46.57,0.00999999977648,AUTO,4,9
462,44.380501,-73.2588415,46.54,0.239999994636,AUTO,4,9
462,44.3804988,-73.2588422,46.54,0.119999997318,AUTO,4,9
462,44.380496,-73.2588429,46.52,0.109999999404,AUTO,4,9
462,44.3804951,-73.2588436,46.5,0.239999994636,AUTO,4,9
462,44.3804952,-73.2588443,46.49,0.119999997318,AUTO,4,9
462,44.3804951,-73.2588446,46.51,0.0999999940395,AUTO,4,9
462,44.3804953,-73.2588457,46.52,0.0799999982119,AUTO,4,9
462,44.3804951,-73.2588461,46.51,0.0499999970198,AUTO,4,9
462,44.3804962,-73.2588467,46.47,0.0999999940395,AUTO,4,9
462,44.3804957,-73.2588468,46.47,0.140000000596,AUTO,4,9
462,44.3804953,-73.2588477,46.49,0.129999995232,AUTO,4,9
462,44.3804954,-73.2588477,46.5,0.329999983311,AUTO,4,9
462,44.3804947,-73.2588474,46.48,0.179999992251,AUTO,4,9
462,44.3804948,-73.2588476,46.47,0.159999996424,AUTO,4,9
462,44.380495,-73.258848,46.46,0.269999980927,AUTO,4,9
462,44.3804933,-73.2588491,46.45,0.299999982119,AUTO,4,9
462,44.3804936,-73.2588499,46.44,0.119999997318,AUTO,4,9
462,44.3804925,-73.2588501,46.44,0.189999997616,AUTO,4,9
462,44.380492,-73.2588503,46.44,0.0899999961257,AUTO,4,9
462,44.3804914,-73.2588502,46.46,0.0999999940395,AUTO,4,9
462,44.3804907,-73.2588512,46.46,0.0799999982119,AUTO,4,9
462,44.3804909,-73.2588511,46.47,0.389999985695,AUTO,4,9
462,44.3804917,-73.2588516,46.47,0.0399999991059,AUTO,4,9
462,44.380492,-73.2588518,46.47,0.25,AUTO,4,9
461,44.380493,-73.2588531,46.48,0.509999990463,AUTO,4,9
461,44.3804938,-73.2588542,46.48,0.269999980927,AUTO,4,9
461,44.3804941,-73.2588562,46.48,0.209999993443,AUTO,4,9
461,44.3804935,-73.2588569,46.46,0.0799999982119,AUTO,4,9
461,44.3804905,-73.2588579,46.45,0.229999989271,AUTO,4,9
461,44.3804893,-73.2588582,46.45,0.209999993443,AUTO,4,9
461,44.3804876,-73.2588581,46.46,0.289999991655,AUTO,4,9
460,44.3804873,-73.2588583,46.44,0.179999992251,AUTO,4,9
460,44.3804859,-73.2588577,46.44,0.119999997318,AUTO,4,9
460,44.3804847,-73.2588578,46.45,0.109999999404,AUTO,4,9
460,44.3804842,-73.2588578,46.46,0.159999996424,AUTO,4,9
460,44.3804855,-73.2588576,46.46,0.209999993443,AUTO,4,9
460,44.3804866,-73.2588574,46.45,0.140000000596,AUTO,4,9
460,44.3804885,-73.2588579,46.46,0.0799999982119,AUTO,4,10
460,44.3804894,-73.2588578,46.47,0.259999990463,AUTO,4,10
460,44.3804904,-73.2588576,46.47,0.229999989271,AUTO,4,10
460,44.3804915,-73.2588576,46.45,0.129999995232,AUTO,4,10
460,44.3804921,-73.2588571,46.44,0.149999991059,AUTO,4,10
461,44.3804931,-73.2588564,46.43,0.469999998808,AUTO,4,11
461,44.3804943,-73.2588563,46.43,0.269999980927,AUTO,4,11
461,44.3804955,-73.2588564,46.45,0.070000000298,AUTO,4,11
461,44.3804965,-73.2588566,46.43,0.189999997616,AUTO,4,11
461,44.3804981,-73.2588566,46.41,0.34999999404,AUTO,4,11
461,44.380498,-73.2588567,46.4,0.0999999940395,AUTO,4,11
461,44.380499,-73.2588562,46.41,0.140000000596,AUTO,4,11
461,44.3805006,-73.2588556,46.43,0.379999995232,AUTO,4,11
460,44.3805013,-73.2588561,46.43,0.149999991059,AUTO,4,11
460,44.380503,-73.2588558,46.43,0.340000003576,AUTO,4,11
460,44.3805053,-73.2588557,46.4,0.179999992251,AUTO,4,11
460,44.3805069,-73.2588555,46.41,0.189999997616,AUTO,4,11
459,44.3805074,-73.2588549,46.4,0.25,AUTO,4,11
459,44.3805083,-73.258855,46.4,0.129999995232,AUTO,4,11
459,44.3805086,-73.2588548,46.4,0.489999979734,AUTO,4,11
458,44.3805109,-73.2588549,46.4,0.229999989271,AUTO,4,11
458,44.3805125,-73.2588545,46.42,0.25,AUTO,4,10
458,44.3805127,-73.258854,46.41,0.219999998808,AUTO,4,10
458,44.380513,-73.2588544,46.42,0.159999996424,AUTO,4,10
458,44.3805136,-73.2588541,46.43,0.149999991059,AUTO,4,10
458,44.3805141,-73.2588539,46.44,0.209999993443,AUTO,4,10
458,44.3805144,-73.2588528,46.44,0.170000001788,AUTO,4,10
458,44.3805151,-73.2588521,46.42,0.209999993443,AUTO,4,10
459,44.3805157,-73.258852,46.42,0.34999999404,AUTO,4,10
459,44.3805164,-73.2588516,46.42,0.0899999961257,AUTO,4,10
459,44.3805167,-73.258852,46.43,0.239999994636,AUTO,4,10
459,44.3805157,-73.258851,46.41,0.0899999961257,AUTO,4,10
459,44.3805163,-73.258851,46.4,0.269999980927,AUTO,4,10
459,44.3805165,-73.2588505,46.4,0.280000001192,AUTO,4,10
459,44.3805164,-73.2588505,46.43,0.159999996424,AUTO,4,10
459,44.380516,-73.2588509,46.43,0.0299999993294,AUTO,4,10
459,44.3805165,-73.2588512,46.43,0.179999992251,AUTO,4,10
459,44.380516,-73.2588516,46.43,0.449999988079,AUTO,4,10
459,44.3805161,-73.258852,46.43,0.310000002384,AUTO,4,10
459,44.3805161,-73.2588531,46.45,0.179999992251,AUTO,4,10
459,44.3805165,-73.2588539,46.47,0.219999998808,AUTO,4,10
459,44.3805163,-73.2588545,46.47,0.25,AUTO,4,10
459,44.3805157,-73.2588551,46.47,0.170000001788,AUTO,4,10
459,44.380515,-73.2588555,46.5,0.389999985695,AUTO,4,10
459,44.3805149,-73.2588562,46.5,0.149999991059,AUTO,4,11
459,44.3805146,-73.2588573,46.48,0.259999990463,AUTO,4,11
459,44.3805133,-73.258858,46.47,0.149999991059,AUTO,4,11
459,44.3805126,-73.2588585,46.46,0.199999988079,AUTO,4,11
459,44.3805109,-73.2588592,46.47,0.170000001788,AUTO,4,11
459,44.3805102,-73.2588594,46.47,0.159999996424,AUTO,4,11
459,44.3805087,-73.2588602,46.46,0.0899999961257,AUTO,4,11
459,44.3805083,-73.2588602,46.45,0.0599999986589,AUTO,4,11
459,44.3805075,-73.2588606,46.42,0.159999996424,AUTO,4,11
459,44.3805063,-73.2588616,46.41,0.199999988079,AUTO,4,11
459,44.3805057,-73.2588618,46.43,0.0999999940395,AUTO,4,11
459,44.3805047,-73.258862,46.43,0.0999999940395,AUTO,4,11
459,44.3805044,-73.2588621,46.45,0.0899999961257,AUTO,4,11
459,44.3805033,-73.2588628,46.45,0.149999991059,AUTO,4,11
459,44.3805016,-73.2588631,46.44,0.209999993443,AUTO,4,11
459,44.3805013,-73.2588632,46.44,0.140000000596,AUTO,4,11
459,44.3805009,-73.2588633,46.43,0.239999994636,AUTO,4,11
459,44.3805013,-73.2588628,46.45,0.129999995232,AUTO,4,11
459,44.3805012,-73.2588636,46.45,0.419999986887,AUTO,4,11
459,44.3805005,-73.2588641,46.46,0.149999991059,AUTO,4,11
459,44.3805006,-73.2588639,46.44,0.149999991059,AUTO,4,11
458,44.3805003,-73.2588641,46.44,0.389999985695,AUTO,4,11
458,44.3805008,-73.2588643,46.44,0.140000000596,AUTO,4,11
458,44.3804991,-73.2588648,46.42,0.0399999991059,AUTO,4,11
458,44.3804998,-73.2588647,46.41,0.259999990463,AUTO,4,11
459,44.3805003,-73.2588643,46.41,0.109999999404,AUTO,4,11
459,44.3805011,-73.2588637,46.41,0.259999990463,AUTO,4,11
459,44.3805006,-73.2588631,46.41,0.0899999961257,AUTO,4,11
459,44.3805018,-73.2588624,46.42,0.509999990463,AUTO,4,11
459,44.3805014,-73.2588619,46.41,0.299999982119,AUTO,4,11
459,44.3805006,-73.2588619,46.39,0.0599999986589,AUTO,4,11
459,44.3805004,-73.2588623,46.39,0.319999992847,AUTO,4,11
459,44.3804989,-73.2588627,46.42,0.109999999404,AUTO,4,11
458,44.3804984,-73.2588629,46.43,0.0999999940395,AUTO,4,11
458,44.3804989,-73.2588626,46.45,0.0899999961257,AUTO,4,11
458,44.3804985,-73.2588627,46.44,0.0799999982119,AUTO,4,11
458,44.3804978,-73.2588631,46.42,0.109999999404,AUTO,4,11
458,44.3804976,-73.2588628,46.42,0.140000000596,AUTO,4,11
458,44.3804971,-73.258863,46.43,0.019999999553,AUTO,4,11
458,44.3804972,-73.2588629,46.42,0.280000001192,AUTO,4,11
458,44.3804969,-73.2588634,46.43,0.170000001788,AUTO,4,11
458,44.3804965,-73.2588643,46.4,0.119999997318,AUTO,4,11
458,44.380496,-73.2588643,46.37,0.159999996424,AUTO,4,11
458,44.3804953,-73.2588646,46.36,0.119999997318,AUTO,4,11
459,44.3804955,-73.2588645,46.37,0.219999998808,AUTO,4,10
459,44.3804957,-73.2588646,46.37,0.149999991059,AUTO,4,10
459,44.3804969,-73.2588645,46.38,0.229999989271,AUTO,4,10
459,44.3804976,-73.258864,46.37,0.239999994636,AUTO,4,10
460,44.3804991,-73.2588634,46.37,0.209999993443,AUTO,4,10
460,44.3805005,-73.2588629,46.38,0.239999994636,AUTO,4,10
460,44.3805013,-73.2588617,46.41,0.170000001788,AUTO,4,10
461,44.3805015,-73.2588617,46.43,0.119999997318,AUTO,4,10
461,44.3805005,-73.2588612,46.44,0.070000000298,AUTO,4,10
461,44.3805002,-73.2588613,46.44,0.140000000596,AUTO,4,10
461,44.3804997,-73.2588608,46.45,0.209999993443,AUTO,4,10
461,44.3805004,-73.25886,46.43,0.379999995232,AUTO,4,10
461,44.3804996,-73.2588599,46.41,0.0799999982119,AUTO,4,10
461,44.380499,-73.2588595,46.4,0.189999997616,AUTO,4,10
461,44.3804987,-73.2588594,46.38,0.189999997616,AUTO,4,10
461,44.3804995,-73.2588587,46.36,0.229999989271,AUTO,4,10
461,44.3805007,-73.2588584,46.32,0.389999985695,AUTO,4,10
461,44.3805006,-73.2588579,46.33,0.189999997616,AUTO,4,10
461,44.3805007,-73.2588576,46.35,0.0999999940395,AUTO,4,10
461,44.3805009,-73.2588579,46.37,0.269999980927,AUTO,4,10
461,44.3805008,-73.258858,46.39,0.209999993443,AUTO,4,10
461,44.3805009,-73.2588586,46.38,0.140000000596,AUTO,4,10
461,44.3805002,-73.2588587,46.39,0.25,AUTO,4,10
461,44.3804998,-73.2588589,46.39,0.0299999993294,AUTO,4,10
461,44.3804988,-73.2588584,46.39,0.0999999940395,AUTO,4,10
461,44.3804983,-73.258858,46.36,0.159999996424,AUTO,4,10
461,44.380497,-73.258859,46.36,0.149999991059,AUTO,4,10
461,44.3804972,-73.2588587,46.35,0.25,AUTO,4,10
461,44.3804961,-73.2588593,46.35,0.070000000298,AUTO,4,10
461,44.3804949,-73.2588591,46.33,0.109999999404,AUTO,4,10
461,44.3804949,-73.2588587,46.33,0.129999995232,AUTO,4,10
461,44.3804954,-73.2588587,46.35,0.109999999404,AUTO,4,10
461,44.3804951,-73.2588583,46.36,0.229999989271,AUTO,4,10
461,44.3804951,-73.2588581,46.34,0.149999991059,AUTO,4,10
461,44.3804958,-73.2588588,46.35,0.149999991059,AUTO,4,10
461,44.3804944,-73.2588588,46.34,0.149999991059,AUTO,4,10
461,44.3804944,-73.2588593,46.34,0.199999988079,AUTO,4,10
461,44.3804928,-73.2588594,46.33,0.199999988079,AUTO,4,10
461,44.3804912,-73.2588603,46.34,0.159999996424,AUTO,4,10
461,44.380491,-73.2588611,46.33,0.140000000596,AUTO,4,10
461,44.3804895,-73.2588612,46.33,0.129999995232,AUTO,4,10
461,44.3804892,-73.2588618,46.34,0.0799999982119,AUTO,4,10
461,44.3804885,-73.2588619,46.34,0.0899999961257,AUTO,4,10
461,44.3804886,-73.2588636,46.35,0.140000000596,AUTO,4,10
461,44.3804882,-73.2588645,46.36,0.189999997616,AUTO,4,10
461,44.3804879,-73.2588649,46.35,0.070000000298,AUTO,4,10
461,44.3804873,-73.2588658,46.35,0.070000000298,AUTO,4,10
461,44.3804866,-73.258866,46.35,0.019999999553,AUTO,4,10
461,44.3804864,-73.2588674,46.36,0.219999998808,AUTO,4,10
462,44.3804858,-73.2588685,46.37,0.219999998808,AUTO,4,10
462,44.3804854,-73.2588688,46.38,0.159999996424,AUTO,4,10
462,44.3804844,-73.2588697,46.36,0.129999995232,AUTO,4,10
461,44.3804839,-73.2588713,46.35,0.189999997616,AUTO,4,10
461,44.3804832,-73.2588724,46.34,0.0899999961257,AUTO,4,10
461,44.3804834,-73.2588733,46.33,0.179999992251,AUTO,4,10
461,44.3804836,-73.2588739,46.33,0.239999994636,AUTO,4,10
461,44.3804842,-73.2588743,46.33,0.419999986887,AUTO,4,10
461,44.3804853,-73.2588747,46.34,0.0299999993294,AUTO,4,10
461,44.3804855,-73.2588749,46.33,0.179999992251,AUTO,4,10
461,44.3804848,-73.2588744,46.33,0.0399999991059,AUTO,4,10
461,44.3804848,-73.2588747,46.33,0.0499999970198,AUTO,4,10
461,44.3804843,-73.2588746,46.31,0.409999996424,AUTO,4,10
461,44.3804843,-73.258874,46.32,0.25,AUTO,4,10
461,44.3804843,-73.2588741,46.32,0.140000000596,AUTO,4,10
461,44.3804839,-73.2588735,46.32,0.170000001788,AUTO,4,10
461,44.3804837,-73.2588727,46.33,0.149999991059,AUTO,4,10
461,44.3804832,-73.2588729,46.34,0.119999997318,AUTO,4,10
461,44.3804825,-73.2588727,46.34,0.00999999977648,AUTO,4,10
461,44.3804827,-73.2588725,46.35,0.119999997318,AUTO,4,10
461,44.3804823,-73.2588719,46.36,0.0899999961257,AUTO,4,10
461,44.3804816,-73.2588713,46.33,0.159999996424,AUTO,4,10
461,44.3804811,-73.2588714,46.35,0.129999995232,AUTO,4,10
461,44.3804823,-73.2588705,46.36,0.0599999986589,AUTO,4,11
461,44.3804836,-73.2588706,46.35,0.229999989271,AUTO,4,11
461,44.3804834,-73.2588699,46.36,0.149999991059,AUTO,4,11
461,44.3804842,-73.258869,46.36,0.159999996424,AUTO,4,11
461,44.3804839,-73.2588687,46.34,0.299999982119,AUTO,4,11
461,44.3804838,-73.2588684,46.33,0.0899999961257,AUTO,4,11
461,44.3804832,-73.2588678,46.34,0.070000000298,AUTO,4,11
461,44.3804831,-73.2588679,46.36,0.25,AUTO,4,11
461,44.3804835,-73.2588681,46.37,0.0599999986589,AUTO,4,11
461,44.380483,-73.2588682,46.37,0.0299999993294,AUTO,4,11
461,44.3804823,-73.2588679,46.36,0.0599999986589,AUTO,4,11
461,44.3804828,-73.2588679,46.35,0.199999988079,AUTO,4,11
461,44.3804833,-73.2588675,46.38,0.34999999404,AUTO,4,11
461,44.3804845,-73.2588678,46.37,0.239999994636,AUTO,4,11
461,44.3804841,-73.2588679,46.37,0.070000000298,AUTO,4,11
461,44.3804837,-73.2588682,46.37,0.0999999940395,AUTO,4,10
461,44.3804834,-73.258869,46.39,0.359999984503,AUTO,4,11
461,44.3804832,-73.2588694,46.39,0.219999998808,AUTO,4,11
461,44.3804828,-73.2588699,46.39,0.149999991059,AUTO,4,11
461,44.380482,-73.2588699,46.39,0.299999982119,AUTO,4,11
461,44.3804806,-73.2588704,46.4,0.179999992251,AUTO,4,11
461,44.3804809,-73.2588704,46.37,0.25,AUTO,4,11
461,44.380481,-73.2588703,46.38,0.159999996424,AUTO,4,10
461,44.3804814,-73.2588709,46.38,0.189999997616,AUTO,4,10
461,44.3804805,-73.2588704,46.38,0.179999992251,AUTO,4,10
461,44.3804795,-73.2588703,46.38,0.0299999993294,AUTO,4,10
461,44.3804795,-73.25887,46.39,0.0799999982119,AUTO,4,10
461,44.3804794,-73.2588695,46.4,0.109999999404,AUTO,4,10
461,44.38048,-73.2588695,46.4,0.10999999